--
-- PostgreSQL database dump
--

-- Dumped from database version 15.5
-- Dumped by pg_dump version 15.5

SET statement_timeout = 0;
SET lock_timeout = 0;
SET idle_in_transaction_session_timeout = 0;
SET client_encoding = 'UTF8';
SET standard_conforming_strings = on;
SELECT pg_catalog.set_config('search_path', '', false);
SET check_function_bodies = false;
SET xmloption = content;
SET client_min_messages = warning;
SET row_security = off;

SET default_tablespace = '';

SET default_table_access_method = heap;

--
-- Name: auth_group; Type: TABLE; Schema: public; Owner: perfume_admin
--

CREATE TABLE public.auth_group (
    id integer NOT NULL,
    name character varying(150) NOT NULL
);


ALTER TABLE public.auth_group OWNER TO perfume_admin;

--
-- Name: auth_group_id_seq; Type: SEQUENCE; Schema: public; Owner: perfume_admin
--

ALTER TABLE public.auth_group ALTER COLUMN id ADD GENERATED BY DEFAULT AS IDENTITY (
    SEQUENCE NAME public.auth_group_id_seq
    START WITH 1
    INCREMENT BY 1
    NO MINVALUE
    NO MAXVALUE
    CACHE 1
);


--
-- Name: auth_group_permissions; Type: TABLE; Schema: public; Owner: perfume_admin
--

CREATE TABLE public.auth_group_permissions (
    id bigint NOT NULL,
    group_id integer NOT NULL,
    permission_id integer NOT NULL
);


ALTER TABLE public.auth_group_permissions OWNER TO perfume_admin;

--
-- Name: auth_group_permissions_id_seq; Type: SEQUENCE; Schema: public; Owner: perfume_admin
--

ALTER TABLE public.auth_group_permissions ALTER COLUMN id ADD GENERATED BY DEFAULT AS IDENTITY (
    SEQUENCE NAME public.auth_group_permissions_id_seq
    START WITH 1
    INCREMENT BY 1
    NO MINVALUE
    NO MAXVALUE
    CACHE 1
);


--
-- Name: auth_permission; Type: TABLE; Schema: public; Owner: perfume_admin
--

CREATE TABLE public.auth_permission (
    id integer NOT NULL,
    name character varying(255) NOT NULL,
    content_type_id integer NOT NULL,
    codename character varying(100) NOT NULL
);


ALTER TABLE public.auth_permission OWNER TO perfume_admin;

--
-- Name: auth_permission_id_seq; Type: SEQUENCE; Schema: public; Owner: perfume_admin
--

ALTER TABLE public.auth_permission ALTER COLUMN id ADD GENERATED BY DEFAULT AS IDENTITY (
    SEQUENCE NAME public.auth_permission_id_seq
    START WITH 1
    INCREMENT BY 1
    NO MINVALUE
    NO MAXVALUE
    CACHE 1
);


--
-- Name: auth_user; Type: TABLE; Schema: public; Owner: perfume_admin
--

CREATE TABLE public.auth_user (
    id integer NOT NULL,
    password character varying(128) NOT NULL,
    last_login timestamp with time zone,
    is_superuser boolean NOT NULL,
    username character varying(150) NOT NULL,
    first_name character varying(150) NOT NULL,
    last_name character varying(150) NOT NULL,
    email character varying(254) NOT NULL,
    is_staff boolean NOT NULL,
    is_active boolean NOT NULL,
    date_joined timestamp with time zone NOT NULL
);


ALTER TABLE public.auth_user OWNER TO perfume_admin;

--
-- Name: auth_user_groups; Type: TABLE; Schema: public; Owner: perfume_admin
--

CREATE TABLE public.auth_user_groups (
    id bigint NOT NULL,
    user_id integer NOT NULL,
    group_id integer NOT NULL
);


ALTER TABLE public.auth_user_groups OWNER TO perfume_admin;

--
-- Name: auth_user_groups_id_seq; Type: SEQUENCE; Schema: public; Owner: perfume_admin
--

ALTER TABLE public.auth_user_groups ALTER COLUMN id ADD GENERATED BY DEFAULT AS IDENTITY (
    SEQUENCE NAME public.auth_user_groups_id_seq
    START WITH 1
    INCREMENT BY 1
    NO MINVALUE
    NO MAXVALUE
    CACHE 1
);


--
-- Name: auth_user_id_seq; Type: SEQUENCE; Schema: public; Owner: perfume_admin
--

ALTER TABLE public.auth_user ALTER COLUMN id ADD GENERATED BY DEFAULT AS IDENTITY (
    SEQUENCE NAME public.auth_user_id_seq
    START WITH 1
    INCREMENT BY 1
    NO MINVALUE
    NO MAXVALUE
    CACHE 1
);


--
-- Name: auth_user_user_permissions; Type: TABLE; Schema: public; Owner: perfume_admin
--

CREATE TABLE public.auth_user_user_permissions (
    id bigint NOT NULL,
    user_id integer NOT NULL,
    permission_id integer NOT NULL
);


ALTER TABLE public.auth_user_user_permissions OWNER TO perfume_admin;

--
-- Name: auth_user_user_permissions_id_seq; Type: SEQUENCE; Schema: public; Owner: perfume_admin
--

ALTER TABLE public.auth_user_user_permissions ALTER COLUMN id ADD GENERATED BY DEFAULT AS IDENTITY (
    SEQUENCE NAME public.auth_user_user_permissions_id_seq
    START WITH 1
    INCREMENT BY 1
    NO MINVALUE
    NO MAXVALUE
    CACHE 1
);


--
-- Name: banner_banner; Type: TABLE; Schema: public; Owner: perfume_admin
--

CREATE TABLE public.banner_banner (
    id bigint NOT NULL,
    image character varying(100) NOT NULL,
    link character varying(200) NOT NULL,
    advertisement_text text NOT NULL,
    is_active boolean NOT NULL
);


ALTER TABLE public.banner_banner OWNER TO perfume_admin;

--
-- Name: banner_banner_id_seq; Type: SEQUENCE; Schema: public; Owner: perfume_admin
--

ALTER TABLE public.banner_banner ALTER COLUMN id ADD GENERATED BY DEFAULT AS IDENTITY (
    SEQUENCE NAME public.banner_banner_id_seq
    START WITH 1
    INCREMENT BY 1
    NO MINVALUE
    NO MAXVALUE
    CACHE 1
);


--
-- Name: coupons_coupon; Type: TABLE; Schema: public; Owner: perfume_admin
--

CREATE TABLE public.coupons_coupon (
    id bigint NOT NULL,
    code character varying(50) NOT NULL,
    valid_from timestamp with time zone NOT NULL,
    valid_to timestamp with time zone NOT NULL,
    discount integer NOT NULL,
    active boolean NOT NULL
);


ALTER TABLE public.coupons_coupon OWNER TO perfume_admin;

--
-- Name: coupons_coupon_id_seq; Type: SEQUENCE; Schema: public; Owner: perfume_admin
--

ALTER TABLE public.coupons_coupon ALTER COLUMN id ADD GENERATED BY DEFAULT AS IDENTITY (
    SEQUENCE NAME public.coupons_coupon_id_seq
    START WITH 1
    INCREMENT BY 1
    NO MINVALUE
    NO MAXVALUE
    CACHE 1
);


--
-- Name: django_admin_log; Type: TABLE; Schema: public; Owner: perfume_admin
--

CREATE TABLE public.django_admin_log (
    id integer NOT NULL,
    action_time timestamp with time zone NOT NULL,
    object_id text,
    object_repr character varying(200) NOT NULL,
    action_flag smallint NOT NULL,
    change_message text NOT NULL,
    content_type_id integer,
    user_id integer NOT NULL,
    CONSTRAINT django_admin_log_action_flag_check CHECK ((action_flag >= 0))
);


ALTER TABLE public.django_admin_log OWNER TO perfume_admin;

--
-- Name: django_admin_log_id_seq; Type: SEQUENCE; Schema: public; Owner: perfume_admin
--

ALTER TABLE public.django_admin_log ALTER COLUMN id ADD GENERATED BY DEFAULT AS IDENTITY (
    SEQUENCE NAME public.django_admin_log_id_seq
    START WITH 1
    INCREMENT BY 1
    NO MINVALUE
    NO MAXVALUE
    CACHE 1
);


--
-- Name: django_content_type; Type: TABLE; Schema: public; Owner: perfume_admin
--

CREATE TABLE public.django_content_type (
    id integer NOT NULL,
    app_label character varying(100) NOT NULL,
    model character varying(100) NOT NULL
);


ALTER TABLE public.django_content_type OWNER TO perfume_admin;

--
-- Name: django_content_type_id_seq; Type: SEQUENCE; Schema: public; Owner: perfume_admin
--

ALTER TABLE public.django_content_type ALTER COLUMN id ADD GENERATED BY DEFAULT AS IDENTITY (
    SEQUENCE NAME public.django_content_type_id_seq
    START WITH 1
    INCREMENT BY 1
    NO MINVALUE
    NO MAXVALUE
    CACHE 1
);


--
-- Name: django_migrations; Type: TABLE; Schema: public; Owner: perfume_admin
--

CREATE TABLE public.django_migrations (
    id bigint NOT NULL,
    app character varying(255) NOT NULL,
    name character varying(255) NOT NULL,
    applied timestamp with time zone NOT NULL
);


ALTER TABLE public.django_migrations OWNER TO perfume_admin;

--
-- Name: django_migrations_id_seq; Type: SEQUENCE; Schema: public; Owner: perfume_admin
--

ALTER TABLE public.django_migrations ALTER COLUMN id ADD GENERATED BY DEFAULT AS IDENTITY (
    SEQUENCE NAME public.django_migrations_id_seq
    START WITH 1
    INCREMENT BY 1
    NO MINVALUE
    NO MAXVALUE
    CACHE 1
);


--
-- Name: django_session; Type: TABLE; Schema: public; Owner: perfume_admin
--

CREATE TABLE public.django_session (
    session_key character varying(40) NOT NULL,
    session_data text NOT NULL,
    expire_date timestamp with time zone NOT NULL
);


ALTER TABLE public.django_session OWNER TO perfume_admin;

--
-- Name: django_site; Type: TABLE; Schema: public; Owner: perfume_admin
--

CREATE TABLE public.django_site (
    id integer NOT NULL,
    domain character varying(100) NOT NULL,
    name character varying(50) NOT NULL
);


ALTER TABLE public.django_site OWNER TO perfume_admin;

--
-- Name: django_site_id_seq; Type: SEQUENCE; Schema: public; Owner: perfume_admin
--

ALTER TABLE public.django_site ALTER COLUMN id ADD GENERATED BY DEFAULT AS IDENTITY (
    SEQUENCE NAME public.django_site_id_seq
    START WITH 1
    INCREMENT BY 1
    NO MINVALUE
    NO MAXVALUE
    CACHE 1
);


--
-- Name: orders_order; Type: TABLE; Schema: public; Owner: perfume_admin
--

CREATE TABLE public.orders_order (
    id bigint NOT NULL,
    email character varying(254) NOT NULL,
    address character varying(250) NOT NULL,
    postal_code character varying(20) NOT NULL,
    created timestamp with time zone NOT NULL,
    updated timestamp with time zone NOT NULL,
    paid boolean NOT NULL,
    yookassa_id character varying(250) NOT NULL,
    discount integer NOT NULL,
    coupon_id bigint,
    phone character varying,
    full_name character varying(150) NOT NULL,
    user_id integer
);


ALTER TABLE public.orders_order OWNER TO perfume_admin;

--
-- Name: orders_order_id_seq; Type: SEQUENCE; Schema: public; Owner: perfume_admin
--

ALTER TABLE public.orders_order ALTER COLUMN id ADD GENERATED BY DEFAULT AS IDENTITY (
    SEQUENCE NAME public.orders_order_id_seq
    START WITH 1
    INCREMENT BY 1
    NO MINVALUE
    NO MAXVALUE
    CACHE 1
);


--
-- Name: orders_orderitem; Type: TABLE; Schema: public; Owner: perfume_admin
--

CREATE TABLE public.orders_orderitem (
    id bigint NOT NULL,
    price numeric(10,2) NOT NULL,
    quantity integer NOT NULL,
    order_id bigint NOT NULL,
    product_id bigint NOT NULL,
    user_id integer,
    CONSTRAINT orders_orderitem_quantity_check CHECK ((quantity >= 0))
);


ALTER TABLE public.orders_orderitem OWNER TO perfume_admin;

--
-- Name: orders_orderitem_id_seq; Type: SEQUENCE; Schema: public; Owner: perfume_admin
--

ALTER TABLE public.orders_orderitem ALTER COLUMN id ADD GENERATED BY DEFAULT AS IDENTITY (
    SEQUENCE NAME public.orders_orderitem_id_seq
    START WITH 1
    INCREMENT BY 1
    NO MINVALUE
    NO MAXVALUE
    CACHE 1
);


--
-- Name: reviews_comment; Type: TABLE; Schema: public; Owner: perfume_admin
--

CREATE TABLE public.reviews_comment (
    id bigint NOT NULL,
    text text NOT NULL,
    created timestamp with time zone NOT NULL,
    updated timestamp with time zone NOT NULL,
    review_id bigint NOT NULL,
    user_id integer NOT NULL
);


ALTER TABLE public.reviews_comment OWNER TO perfume_admin;

--
-- Name: reviews_comment_id_seq; Type: SEQUENCE; Schema: public; Owner: perfume_admin
--

ALTER TABLE public.reviews_comment ALTER COLUMN id ADD GENERATED BY DEFAULT AS IDENTITY (
    SEQUENCE NAME public.reviews_comment_id_seq
    START WITH 1
    INCREMENT BY 1
    NO MINVALUE
    NO MAXVALUE
    CACHE 1
);


--
-- Name: reviews_review; Type: TABLE; Schema: public; Owner: perfume_admin
--

CREATE TABLE public.reviews_review (
    id bigint NOT NULL,
    text text NOT NULL,
    created timestamp with time zone NOT NULL,
    updated timestamp with time zone NOT NULL,
    user_id integer
);


ALTER TABLE public.reviews_review OWNER TO perfume_admin;

--
-- Name: reviews_review_id_seq; Type: SEQUENCE; Schema: public; Owner: perfume_admin
--

ALTER TABLE public.reviews_review ALTER COLUMN id ADD GENERATED BY DEFAULT AS IDENTITY (
    SEQUENCE NAME public.reviews_review_id_seq
    START WITH 1
    INCREMENT BY 1
    NO MINVALUE
    NO MAXVALUE
    CACHE 1
);


--
-- Name: shop_category; Type: TABLE; Schema: public; Owner: perfume_admin
--

CREATE TABLE public.shop_category (
    id bigint NOT NULL,
    name character varying(200) NOT NULL,
    slug character varying(200) NOT NULL,
    image character varying(100) NOT NULL,
    description text NOT NULL
);


ALTER TABLE public.shop_category OWNER TO perfume_admin;

--
-- Name: shop_category_id_seq; Type: SEQUENCE; Schema: public; Owner: perfume_admin
--

ALTER TABLE public.shop_category ALTER COLUMN id ADD GENERATED BY DEFAULT AS IDENTITY (
    SEQUENCE NAME public.shop_category_id_seq
    START WITH 1
    INCREMENT BY 1
    NO MINVALUE
    NO MAXVALUE
    CACHE 1
);


--
-- Name: shop_favoriteproduct; Type: TABLE; Schema: public; Owner: perfume_admin
--

CREATE TABLE public.shop_favoriteproduct (
    id bigint NOT NULL,
    date_added timestamp with time zone NOT NULL,
    product_id bigint NOT NULL,
    user_id integer NOT NULL
);


ALTER TABLE public.shop_favoriteproduct OWNER TO perfume_admin;

--
-- Name: shop_favoriteproduct_id_seq; Type: SEQUENCE; Schema: public; Owner: perfume_admin
--

ALTER TABLE public.shop_favoriteproduct ALTER COLUMN id ADD GENERATED BY DEFAULT AS IDENTITY (
    SEQUENCE NAME public.shop_favoriteproduct_id_seq
    START WITH 1
    INCREMENT BY 1
    NO MINVALUE
    NO MAXVALUE
    CACHE 1
);


--
-- Name: shop_product; Type: TABLE; Schema: public; Owner: perfume_admin
--

CREATE TABLE public.shop_product (
    id bigint NOT NULL,
    name character varying(200) NOT NULL,
    slug character varying(200) NOT NULL,
    image character varying(100) NOT NULL,
    description text NOT NULL,
    price numeric(10,2) NOT NULL,
    available boolean NOT NULL,
    created timestamp with time zone NOT NULL,
    updated timestamp with time zone NOT NULL,
    category_id bigint NOT NULL,
    volume character varying(10) NOT NULL,
    views_count integer NOT NULL,
    search_count integer NOT NULL,
    CONSTRAINT shop_product_search_count_check CHECK ((search_count >= 0)),
    CONSTRAINT shop_product_views_count_check CHECK ((views_count >= 0))
);


ALTER TABLE public.shop_product OWNER TO perfume_admin;

--
-- Name: shop_product_id_seq; Type: SEQUENCE; Schema: public; Owner: perfume_admin
--

ALTER TABLE public.shop_product ALTER COLUMN id ADD GENERATED BY DEFAULT AS IDENTITY (
    SEQUENCE NAME public.shop_product_id_seq
    START WITH 1
    INCREMENT BY 1
    NO MINVALUE
    NO MAXVALUE
    CACHE 1
);


--
-- Name: site_settings_homebanner; Type: TABLE; Schema: public; Owner: perfume_admin
--

CREATE TABLE public.site_settings_homebanner (
    id bigint NOT NULL,
    maintitle character varying(100) NOT NULL,
    title character varying(200) NOT NULL,
    shop_link character varying(300),
    small_description character varying(300) NOT NULL,
    background_image character varying(100) NOT NULL,
    is_active boolean NOT NULL
);


ALTER TABLE public.site_settings_homebanner OWNER TO perfume_admin;

--
-- Name: site_settings_homebanner_id_seq; Type: SEQUENCE; Schema: public; Owner: perfume_admin
--

ALTER TABLE public.site_settings_homebanner ALTER COLUMN id ADD GENERATED BY DEFAULT AS IDENTITY (
    SEQUENCE NAME public.site_settings_homebanner_id_seq
    START WITH 1
    INCREMENT BY 1
    NO MINVALUE
    NO MAXVALUE
    CACHE 1
);


--
-- Name: social_auth_association; Type: TABLE; Schema: public; Owner: perfume_admin
--

CREATE TABLE public.social_auth_association (
    id bigint NOT NULL,
    server_url character varying(255) NOT NULL,
    handle character varying(255) NOT NULL,
    secret character varying(255) NOT NULL,
    issued integer NOT NULL,
    lifetime integer NOT NULL,
    assoc_type character varying(64) NOT NULL
);


ALTER TABLE public.social_auth_association OWNER TO perfume_admin;

--
-- Name: social_auth_association_id_seq; Type: SEQUENCE; Schema: public; Owner: perfume_admin
--

ALTER TABLE public.social_auth_association ALTER COLUMN id ADD GENERATED BY DEFAULT AS IDENTITY (
    SEQUENCE NAME public.social_auth_association_id_seq
    START WITH 1
    INCREMENT BY 1
    NO MINVALUE
    NO MAXVALUE
    CACHE 1
);


--
-- Name: social_auth_code; Type: TABLE; Schema: public; Owner: perfume_admin
--

CREATE TABLE public.social_auth_code (
    id bigint NOT NULL,
    email character varying(254) NOT NULL,
    code character varying(32) NOT NULL,
    verified boolean NOT NULL,
    "timestamp" timestamp with time zone NOT NULL
);


ALTER TABLE public.social_auth_code OWNER TO perfume_admin;

--
-- Name: social_auth_code_id_seq; Type: SEQUENCE; Schema: public; Owner: perfume_admin
--

ALTER TABLE public.social_auth_code ALTER COLUMN id ADD GENERATED BY DEFAULT AS IDENTITY (
    SEQUENCE NAME public.social_auth_code_id_seq
    START WITH 1
    INCREMENT BY 1
    NO MINVALUE
    NO MAXVALUE
    CACHE 1
);


--
-- Name: social_auth_nonce; Type: TABLE; Schema: public; Owner: perfume_admin
--

CREATE TABLE public.social_auth_nonce (
    id bigint NOT NULL,
    server_url character varying(255) NOT NULL,
    "timestamp" integer NOT NULL,
    salt character varying(65) NOT NULL
);


ALTER TABLE public.social_auth_nonce OWNER TO perfume_admin;

--
-- Name: social_auth_nonce_id_seq; Type: SEQUENCE; Schema: public; Owner: perfume_admin
--

ALTER TABLE public.social_auth_nonce ALTER COLUMN id ADD GENERATED BY DEFAULT AS IDENTITY (
    SEQUENCE NAME public.social_auth_nonce_id_seq
    START WITH 1
    INCREMENT BY 1
    NO MINVALUE
    NO MAXVALUE
    CACHE 1
);


--
-- Name: social_auth_partial; Type: TABLE; Schema: public; Owner: perfume_admin
--

CREATE TABLE public.social_auth_partial (
    id bigint NOT NULL,
    token character varying(32) NOT NULL,
    next_step smallint NOT NULL,
    backend character varying(32) NOT NULL,
    "timestamp" timestamp with time zone NOT NULL,
    data jsonb NOT NULL,
    CONSTRAINT social_auth_partial_next_step_check CHECK ((next_step >= 0))
);


ALTER TABLE public.social_auth_partial OWNER TO perfume_admin;

--
-- Name: social_auth_partial_id_seq; Type: SEQUENCE; Schema: public; Owner: perfume_admin
--

ALTER TABLE public.social_auth_partial ALTER COLUMN id ADD GENERATED BY DEFAULT AS IDENTITY (
    SEQUENCE NAME public.social_auth_partial_id_seq
    START WITH 1
    INCREMENT BY 1
    NO MINVALUE
    NO MAXVALUE
    CACHE 1
);


--
-- Name: social_auth_usersocialauth; Type: TABLE; Schema: public; Owner: perfume_admin
--

CREATE TABLE public.social_auth_usersocialauth (
    id bigint NOT NULL,
    provider character varying(32) NOT NULL,
    uid character varying(255) NOT NULL,
    user_id integer NOT NULL,
    created timestamp with time zone NOT NULL,
    modified timestamp with time zone NOT NULL,
    extra_data jsonb NOT NULL
);


ALTER TABLE public.social_auth_usersocialauth OWNER TO perfume_admin;

--
-- Name: social_auth_usersocialauth_id_seq; Type: SEQUENCE; Schema: public; Owner: perfume_admin
--

ALTER TABLE public.social_auth_usersocialauth ALTER COLUMN id ADD GENERATED BY DEFAULT AS IDENTITY (
    SEQUENCE NAME public.social_auth_usersocialauth_id_seq
    START WITH 1
    INCREMENT BY 1
    NO MINVALUE
    NO MAXVALUE
    CACHE 1
);


--
-- Data for Name: auth_group; Type: TABLE DATA; Schema: public; Owner: perfume_admin
--

COPY public.auth_group (id, name) FROM stdin;
\.


--
-- Data for Name: auth_group_permissions; Type: TABLE DATA; Schema: public; Owner: perfume_admin
--

COPY public.auth_group_permissions (id, group_id, permission_id) FROM stdin;
\.


--
-- Data for Name: auth_permission; Type: TABLE DATA; Schema: public; Owner: perfume_admin
--

COPY public.auth_permission (id, name, content_type_id, codename) FROM stdin;
1	Can add log entry	1	add_logentry
2	Can change log entry	1	change_logentry
3	Can delete log entry	1	delete_logentry
4	Can view log entry	1	view_logentry
5	Can add permission	2	add_permission
6	Can change permission	2	change_permission
7	Can delete permission	2	delete_permission
8	Can view permission	2	view_permission
9	Can add group	3	add_group
10	Can change group	3	change_group
11	Can delete group	3	delete_group
12	Can view group	3	view_group
13	Can add user	4	add_user
14	Can change user	4	change_user
15	Can delete user	4	delete_user
16	Can view user	4	view_user
17	Can add content type	5	add_contenttype
18	Can change content type	5	change_contenttype
19	Can delete content type	5	delete_contenttype
20	Can view content type	5	view_contenttype
21	Can add session	6	add_session
22	Can change session	6	change_session
23	Can delete session	6	delete_session
24	Can view session	6	view_session
25	Can add Категория	7	add_category
26	Can change Категория	7	change_category
27	Can delete Категория	7	delete_category
28	Can view Категория	7	view_category
29	Can add Товар	8	add_product
30	Can change Товар	8	change_product
31	Can delete Товар	8	delete_product
32	Can view Товар	8	view_product
33	Can add order	9	add_order
34	Can change order	9	change_order
35	Can delete order	9	delete_order
36	Can view order	9	view_order
37	Can add order item	10	add_orderitem
38	Can change order item	10	change_orderitem
39	Can delete order item	10	delete_orderitem
40	Can view order item	10	view_orderitem
41	Can add coupon	11	add_coupon
42	Can change coupon	11	change_coupon
43	Can delete coupon	11	delete_coupon
44	Can view coupon	11	view_coupon
45	Can add site	12	add_site
46	Can change site	12	change_site
47	Can delete site	12	delete_site
48	Can view site	12	view_site
49	Can add Shipping Address	13	add_shippingaddress
50	Can change Shipping Address	13	change_shippingaddress
51	Can delete Shipping Address	13	delete_shippingaddress
52	Can view Shipping Address	13	view_shippingaddress
53	Can add Order	14	add_order
54	Can change Order	14	change_order
55	Can delete Order	14	delete_order
56	Can view Order	14	view_order
57	Can add OrderItem	15	add_orderitem
58	Can change OrderItem	15	change_orderitem
59	Can delete OrderItem	15	delete_orderitem
60	Can view OrderItem	15	view_orderitem
61	Can add product variant	16	add_productvariant
62	Can change product variant	16	change_productvariant
63	Can delete product variant	16	delete_productvariant
64	Can view product variant	16	view_productvariant
65	Can add home banner	17	add_homebanner
66	Can change home banner	17	change_homebanner
67	Can delete home banner	17	delete_homebanner
68	Can view home banner	17	view_homebanner
69	Can add site setting	18	add_sitesetting
70	Can change site setting	18	change_sitesetting
71	Can delete site setting	18	delete_sitesetting
72	Can view site setting	18	view_sitesetting
73	Can add best product	19	add_bestproduct
74	Can change best product	19	change_bestproduct
75	Can delete best product	19	delete_bestproduct
76	Can view best product	19	view_bestproduct
77	Can add association	20	add_association
78	Can change association	20	change_association
79	Can delete association	20	delete_association
80	Can view association	20	view_association
81	Can add code	21	add_code
82	Can change code	21	change_code
83	Can delete code	21	delete_code
84	Can view code	21	view_code
85	Can add nonce	22	add_nonce
86	Can change nonce	22	change_nonce
87	Can delete nonce	22	delete_nonce
88	Can view nonce	22	view_nonce
89	Can add user social auth	23	add_usersocialauth
90	Can change user social auth	23	change_usersocialauth
91	Can delete user social auth	23	delete_usersocialauth
92	Can view user social auth	23	view_usersocialauth
93	Can add partial	24	add_partial
94	Can change partial	24	change_partial
95	Can delete partial	24	delete_partial
96	Can view partial	24	view_partial
97	Can add banner	25	add_banner
98	Can change banner	25	change_banner
99	Can delete banner	25	delete_banner
100	Can view banner	25	view_banner
101	Can add home banner	26	add_homebanner
102	Can change home banner	26	change_homebanner
103	Can delete home banner	26	delete_homebanner
104	Can view home banner	26	view_homebanner
105	Can add favorite product	27	add_favoriteproduct
106	Can change favorite product	27	change_favoriteproduct
107	Can delete favorite product	27	delete_favoriteproduct
108	Can view favorite product	27	view_favoriteproduct
109	Can add price range	28	add_pricerange
110	Can change price range	28	change_pricerange
111	Can delete price range	28	delete_pricerange
112	Can view price range	28	view_pricerange
113	Can add review	29	add_review
114	Can change review	29	change_review
115	Can delete review	29	delete_review
116	Can view review	29	view_review
117	Can add comment	30	add_comment
118	Can change comment	30	change_comment
119	Can delete comment	30	delete_comment
120	Can view comment	30	view_comment
\.


--
-- Data for Name: auth_user; Type: TABLE DATA; Schema: public; Owner: perfume_admin
--

COPY public.auth_user (id, password, last_login, is_superuser, username, first_name, last_name, email, is_staff, is_active, date_joined) FROM stdin;
2	pbkdf2_sha256$720000$mYj1AOe4j58BPEoMijrQzr$S0u7eFKMZ65IpWIa2VX3mpFsjcGyVu6uTSb7V4rFI6E=	\N	t	test			test@gmail.com	t	t	2024-01-25 15:29:42.467638+03
38	pbkdf2_sha256$720000$M1UpJMauFvbyuQssKd0YN7$i6K5v8jx0beqsz/J3UPYckgDmch5njkmgBLGYig7yeA=	\N	f	ronaldo			loghtofgod@gmail.com	f	f	2024-02-14 13:14:41.501298+03
35	pbkdf2_sha256$720000$wQUkD1Hrxll9nkxtJGn7vi$NUKZ/d3f9RLKhr3U8plRtHUx8wd2gJKy0QLyJ59d480=	2024-05-13 22:41:07.842028+03	t	admin			loghtogod@gmail.com	t	t	2024-02-09 05:01:15.34598+03
39	pbkdf2_sha256$720000$mGq9W1hKFjAzLy0FJb5rx2$z7BAgKDgxtsAmD1Wy3GSBn4brgMZORpi6WwLx7Ah9qs=	\N	f	ronaldo22			theproblemdi@gmail.com	f	t	2024-04-19 17:42:43.090832+03
\.


--
-- Data for Name: auth_user_groups; Type: TABLE DATA; Schema: public; Owner: perfume_admin
--

COPY public.auth_user_groups (id, user_id, group_id) FROM stdin;
\.


--
-- Data for Name: auth_user_user_permissions; Type: TABLE DATA; Schema: public; Owner: perfume_admin
--

COPY public.auth_user_user_permissions (id, user_id, permission_id) FROM stdin;
\.


--
-- Data for Name: banner_banner; Type: TABLE DATA; Schema: public; Owner: perfume_admin
--

COPY public.banner_banner (id, image, link, advertisement_text, is_active) FROM stdin;
1	banners/22.png	127.0.0.8000	sale 20%	t
2	banners/23_DEIBXwv.png	127.0.0.1.800	sale 55%	t
\.


--
-- Data for Name: coupons_coupon; Type: TABLE DATA; Schema: public; Owner: perfume_admin
--

COPY public.coupons_coupon (id, code, valid_from, valid_to, discount, active) FROM stdin;
1	1111	2024-05-10 21:35:04+03	2024-05-31 20:25:38+03	10	t
\.


--
-- Data for Name: django_admin_log; Type: TABLE DATA; Schema: public; Owner: perfume_admin
--

COPY public.django_admin_log (id, action_time, object_id, object_repr, action_flag, change_message, content_type_id, user_id) FROM stdin;
45	2024-02-09 05:13:33.377745+03	34	messi	3		4	35
46	2024-02-09 05:32:08.884343+03	11	Order 11	2	[{"changed": {"fields": ["User"]}}]	9	35
47	2024-02-14 12:27:28.059992+03	36	messi	3		4	35
48	2024-02-14 13:24:00.731478+03	37	messi	3		4	35
49	2024-02-15 13:02:24.531944+03	1	Диор - 200 мл	1	[{"added": {}}]	16	35
50	2024-02-21 18:41:54.21011+03	1	Скидка 60%	1	[{"added": {}}]	17	35
51	2024-02-21 18:42:21.25298+03	2	скидка 20%	1	[{"added": {}}]	17	35
52	2024-02-26 19:46:36.297829+03	3	Мужские	1	[{"added": {}}]	7	35
53	2024-02-26 19:47:18.138683+03	10	Муж	1	[{"added": {}}]	8	35
54	2024-03-11 13:58:25.628962+03	2	скидка 20%	2	[{"changed": {"fields": ["\\u0418\\u0437\\u043e\\u0431\\u0440\\u0430\\u0436\\u0435\\u043d\\u0438\\u0435"]}}]	17	35
55	2024-03-11 14:08:22.965032+03	2	скидка 20%	2	[{"changed": {"fields": ["\\u0410\\u043a\\u0442\\u0438\\u0432\\u043d\\u043e/\\u041d\\u0435 \\u0410\\u043a\\u0442\\u0438\\u0432\\u043d\\u043e"]}}]	17	35
56	2024-03-11 14:51:11.854491+03	1	wwbwbv	1	[{"added": {}}]	25	35
57	2024-03-11 15:14:35.254613+03	1	wwbwbv	2	[{"changed": {"fields": ["Image"]}}]	25	35
58	2024-03-14 16:34:32.313546+03	1	20%	1	[{"added": {}}]	26	35
59	2024-03-15 03:31:31.123008+03	1	sale 20%	1	[{"added": {}}]	25	35
60	2024-03-15 03:57:42.013246+03	1	sale 20%	2	[{"changed": {"fields": ["Image"]}}]	25	35
61	2024-03-15 04:46:06.245125+03	2	sale 55%	1	[{"added": {}}]	25	35
62	2024-03-31 00:30:49.532837+03	1	Диор	2	[{"changed": {"fields": ["\\u0424\\u043e\\u0442\\u043e \\u0442\\u043e\\u0432\\u0430\\u0440\\u0430"]}}]	8	35
63	2024-03-31 00:31:00.04687+03	2	Диор1	2	[{"changed": {"fields": ["\\u0424\\u043e\\u0442\\u043e \\u0442\\u043e\\u0432\\u0430\\u0440\\u0430"]}}]	8	35
64	2024-03-31 00:31:09.147146+03	7	Духи-бюджет	2	[{"changed": {"fields": ["\\u0424\\u043e\\u0442\\u043e \\u0442\\u043e\\u0432\\u0430\\u0440\\u0430"]}}]	8	35
65	2024-03-31 00:31:16.896469+03	5	Духи2	2	[{"changed": {"fields": ["\\u0424\\u043e\\u0442\\u043e \\u0442\\u043e\\u0432\\u0430\\u0440\\u0430"]}}]	8	35
66	2024-03-31 00:31:24.76893+03	9	ДухиЕкстра	2	[{"changed": {"fields": ["\\u0424\\u043e\\u0442\\u043e \\u0442\\u043e\\u0432\\u0430\\u0440\\u0430"]}}]	8	35
67	2024-03-31 00:31:33.708553+03	6	ДухиПремиум	2	[{"changed": {"fields": ["\\u0424\\u043e\\u0442\\u043e \\u0442\\u043e\\u0432\\u0430\\u0440\\u0430"]}}]	8	35
68	2024-03-31 00:31:41.888762+03	10	Муж	2	[{"changed": {"fields": ["\\u0424\\u043e\\u0442\\u043e \\u0442\\u043e\\u0432\\u0430\\u0440\\u0430"]}}]	8	35
69	2024-03-31 00:31:49.859845+03	8	Премиум	2	[{"changed": {"fields": ["\\u0424\\u043e\\u0442\\u043e \\u0442\\u043e\\u0432\\u0430\\u0440\\u0430"]}}]	8	35
70	2024-03-31 00:32:01.165729+03	3	шанель	2	[{"changed": {"fields": ["\\u0424\\u043e\\u0442\\u043e \\u0442\\u043e\\u0432\\u0430\\u0440\\u0430"]}}]	8	35
71	2024-04-23 02:39:06.877066+03	1	Parfums	3		7	35
72	2024-04-23 02:39:06.912066+03	2	Духи	3		7	35
73	2024-04-23 02:39:06.916067+03	3	Мужские	3		7	35
74	2024-04-23 02:40:56.569623+03	4	Диор	1	[{"added": {}}]	7	35
75	2024-04-23 02:42:35.117901+03	5	Шанель	1	[{"added": {}}]	7	35
76	2024-04-23 02:44:50.347298+03	6	Эйвон	1	[{"added": {}}]	7	35
77	2024-04-23 02:45:27.114986+03	7	Зара	1	[{"added": {}}]	7	35
78	2024-04-23 02:46:24.138833+03	8	Фаберлик	1	[{"added": {}}]	7	35
79	2024-04-23 02:47:09.546986+03	9	Орифлейм	1	[{"added": {}}]	7	35
80	2024-04-23 02:47:52.549422+03	10	Лакост	1	[{"added": {}}]	7	35
81	2024-04-23 02:48:38.498912+03	11	ГУчи	1	[{"added": {}}]	7	35
82	2024-04-23 02:53:16.906971+03	11	Gucci Bloom	1	[{"added": {}}]	8	35
83	2024-04-23 02:55:00.345912+03	12	Gucci Bamboo	1	[{"added": {}}]	8	35
84	2024-04-23 02:55:41.836298+03	13	Gucci Rush	1	[{"added": {}}]	8	35
85	2024-04-23 03:00:46.950529+03	14	Zara Gardenia	1	[{"added": {}}]	8	35
86	2024-04-23 03:02:33.103682+03	15	Zara Flambe	1	[{"added": {}}]	8	35
87	2024-04-23 03:04:17.708725+03	16	Zara Blossom	1	[{"added": {}}]	8	35
88	2024-04-23 03:05:34.453828+03	17	Avon Today	1	[{"added": {}}]	8	35
89	2024-04-23 03:06:31.482178+03	18	Avon Percieve	1	[{"added": {}}]	8	35
90	2024-04-23 03:07:55.921745+03	19	Far Away	1	[{"added": {}}]	8	35
91	2024-04-23 03:08:07.915187+03	19	Avon Far Away	2	[{"changed": {"fields": ["\\u041f\\u0440\\u043e\\u0434\\u0443\\u043a\\u0442", "\\u041e\\u043f\\u0438\\u0441\\u0430\\u043d\\u0438\\u0435 \\u0442\\u043e\\u0432\\u0430\\u0440\\u0430"]}}]	8	35
92	2024-04-23 03:09:06.311439+03	20	Chanel Chance	1	[{"added": {}}]	8	35
93	2024-04-23 03:10:20.698084+03	21	Chanel Mademoisalle	1	[{"added": {}}]	8	35
94	2024-04-23 03:11:29.709336+03	22	Chanel Coco Noir	1	[{"added": {}}]	8	35
95	2024-04-23 03:12:46.714422+03	23	Faberlic Kaori	1	[{"added": {}}]	8	35
96	2024-04-23 03:13:46.757452+03	24	Faberlic 8 Element	1	[{"added": {}}]	8	35
97	2024-04-23 03:14:35.147856+03	25	Faberlic Renata	1	[{"added": {}}]	8	35
98	2024-04-23 03:16:17.09551+03	26	Oriflame S8 Night	1	[{"added": {}}]	8	35
99	2024-04-23 03:17:48.804102+03	27	Oriflame Paradise	1	[{"added": {}}]	8	35
100	2024-04-23 03:18:39.578195+03	28	Oriflame Lucia	1	[{"added": {}}]	8	35
101	2024-04-23 03:20:03.608244+03	29	Lacoste Essential	1	[{"added": {}}]	8	35
102	2024-04-23 03:21:22.10015+03	30	Lacoste Touch In Pink	1	[{"added": {}}]	8	35
103	2024-04-23 03:22:31.05682+03	31	Lacoste Pour Femme	1	[{"added": {}}]	8	35
104	2024-04-23 03:23:50.667032+03	32	Dior Poison	1	[{"added": {}}]	8	35
105	2024-04-23 03:25:07.076658+03	33	Dior Sauvage	1	[{"added": {}}]	8	35
106	2024-04-23 03:26:05.379685+03	34	Dior Addict	1	[{"added": {}}]	8	35
107	2024-04-26 16:06:01.769522+03	8	Фаберлик	2	[{"changed": {"fields": ["\\u0424\\u043e\\u0442\\u043e \\u0431\\u0440\\u0435\\u043d\\u0434\\u0430"]}}]	7	35
108	2024-05-09 04:37:37.515049+03	1	Review object (1)	1	[{"added": {}}]	29	35
109	2024-05-09 04:37:53.901413+03	2	Review object (2)	1	[{"added": {}}]	29	35
110	2024-05-10 21:34:19.229253+03	7	Review object (7)	3		29	35
111	2024-05-10 21:34:19.387309+03	5	Review object (5)	3		29	35
112	2024-05-10 21:34:19.39031+03	1	Review object (1)	3		29	35
113	2024-05-10 21:35:18.563738+03	1	1111	1	[{"added": {}}]	11	35
\.


--
-- Data for Name: django_content_type; Type: TABLE DATA; Schema: public; Owner: perfume_admin
--

COPY public.django_content_type (id, app_label, model) FROM stdin;
1	admin	logentry
2	auth	permission
3	auth	group
4	auth	user
5	contenttypes	contenttype
6	sessions	session
7	shop	category
8	shop	product
9	orders	order
10	orders	orderitem
11	coupons	coupon
12	sites	site
13	payment	shippingaddress
14	payment	order
15	payment	orderitem
16	shop	productvariant
17	site_settings	homebanner
18	site_settings	sitesetting
19	site_settings	bestproduct
20	social_django	association
21	social_django	code
22	social_django	nonce
23	social_django	usersocialauth
24	social_django	partial
25	banner	banner
26	banner	homebanner
27	shop	favoriteproduct
28	shop	pricerange
29	reviews	review
30	reviews	comment
\.


--
-- Data for Name: django_migrations; Type: TABLE DATA; Schema: public; Owner: perfume_admin
--

COPY public.django_migrations (id, app, name, applied) FROM stdin;
1	contenttypes	0001_initial	2024-01-18 13:41:38.616329+03
2	auth	0001_initial	2024-01-18 13:41:39.773512+03
3	admin	0001_initial	2024-01-18 13:41:39.955898+03
4	admin	0002_logentry_remove_auto_add	2024-01-18 13:41:39.971672+03
5	admin	0003_logentry_add_action_flag_choices	2024-01-18 13:41:39.987674+03
6	contenttypes	0002_remove_content_type_name	2024-01-18 13:41:40.026673+03
7	auth	0002_alter_permission_name_max_length	2024-01-18 13:41:40.043673+03
8	auth	0003_alter_user_email_max_length	2024-01-18 13:41:40.056677+03
9	auth	0004_alter_user_username_opts	2024-01-18 13:41:40.071673+03
10	auth	0005_alter_user_last_login_null	2024-01-18 13:41:40.084672+03
11	auth	0006_require_contenttypes_0002	2024-01-18 13:41:40.087675+03
12	auth	0007_alter_validators_add_error_messages	2024-01-18 13:41:40.102672+03
13	auth	0008_alter_user_username_max_length	2024-01-18 13:41:40.196674+03
14	auth	0009_alter_user_last_name_max_length	2024-01-18 13:41:40.215672+03
15	auth	0010_alter_group_name_max_length	2024-01-18 13:41:40.232672+03
16	auth	0011_update_proxy_permissions	2024-01-18 13:41:40.245679+03
17	auth	0012_alter_user_first_name_max_length	2024-01-18 13:41:40.26067+03
18	coupons	0001_initial	2024-01-18 13:41:40.381674+03
19	shop	0001_initial	2024-01-18 13:41:41.138545+03
20	orders	0001_initial	2024-01-18 13:41:41.513967+03
21	orders	0002_rename_stripe_id_order_yookassa_id_and_more	2024-01-18 13:41:41.535244+03
22	sessions	0001_initial	2024-01-18 13:41:41.764055+03
23	shop	0002_alter_category_options_alter_product_options_and_more	2024-01-18 13:41:41.814648+03
24	sites	0001_initial	2024-02-01 19:09:11.881866+03
25	sites	0002_alter_domain_unique	2024-02-01 19:09:12.056526+03
26	orders	0003_remove_order_city_order_phone_alter_order_address_and_more	2024-02-06 05:27:14.837314+03
27	orders	0004_alter_order_phone	2024-02-06 05:45:55.42377+03
28	orders	0005_alter_order_phone	2024-02-06 05:48:44.811766+03
29	orders	0006_alter_order_phone	2024-02-06 05:51:28.459+03
30	orders	0007_remove_order_first_name_remove_order_last_name_and_more	2024-02-06 06:24:52.982078+03
31	coupons	0002_alter_coupon_options_alter_coupon_active_and_more	2024-02-15 12:49:11.431656+03
32	orders	0002_alter_order_options_alter_order_phone	2024-02-15 12:49:11.537593+03
33	shop	0003_productvariant	2024-02-15 12:58:24.236859+03
34	shop	0004_delete_productvariant	2024-02-15 13:16:05.102446+03
35	site_settings	0001_initial	2024-02-21 18:33:03.552175+03
36	site_settings	0002_remove_bestproduct_product_delete_sitesetting_and_more	2024-02-21 18:38:54.553166+03
37	default	0001_initial	2024-03-10 13:48:44.793007+03
38	social_auth	0001_initial	2024-03-10 13:48:44.886674+03
39	default	0002_add_related_name	2024-03-10 13:48:44.909672+03
40	social_auth	0002_add_related_name	2024-03-10 13:48:44.911672+03
41	default	0003_alter_email_max_length	2024-03-10 13:48:45.162395+03
42	social_auth	0003_alter_email_max_length	2024-03-10 13:48:45.164397+03
43	default	0004_auto_20160423_0400	2024-03-10 13:48:45.182389+03
44	social_auth	0004_auto_20160423_0400	2024-03-10 13:48:45.18439+03
45	social_auth	0005_auto_20160727_2333	2024-03-10 13:48:45.230276+03
46	social_django	0006_partial	2024-03-10 13:48:45.398342+03
47	social_django	0007_code_timestamp	2024-03-10 13:48:45.498461+03
48	social_django	0008_partial_timestamp	2024-03-10 13:48:45.550082+03
49	social_django	0009_auto_20191118_0520	2024-03-10 13:48:45.605691+03
50	social_django	0010_uid_db_index	2024-03-10 13:48:45.688464+03
51	social_django	0011_alter_id_fields	2024-03-10 13:48:46.775656+03
52	social_django	0012_usersocialauth_extra_data_new	2024-03-10 13:48:46.8603+03
53	social_django	0013_migrate_extra_data	2024-03-10 13:48:46.926035+03
54	social_django	0014_remove_usersocialauth_extra_data	2024-03-10 13:48:47.025402+03
55	social_django	0015_rename_extra_data_new_usersocialauth_extra_data	2024-03-10 13:48:47.055563+03
56	social_django	0001_initial	2024-03-10 13:48:47.062308+03
57	social_django	0005_auto_20160727_2333	2024-03-10 13:48:47.064308+03
58	social_django	0003_alter_email_max_length	2024-03-10 13:48:47.068309+03
59	social_django	0002_add_related_name	2024-03-10 13:48:47.07131+03
60	social_django	0004_auto_20160423_0400	2024-03-10 13:48:47.07331+03
61	banner	0001_initial	2024-03-11 14:32:22.82808+03
62	banner	0002_homebanner_delete_banner	2024-03-14 16:16:55.890538+03
63	banner	0003_banner_delete_homebanner	2024-03-15 03:28:19.10324+03
64	banner	0004_alter_banner_image	2024-03-17 13:41:27.387585+03
65	shop	0005_favoriteproduct	2024-03-17 13:41:28.125276+03
66	shop	0006_product_volume_alter_product_slug	2024-03-31 01:43:02.173319+03
67	shop	0007_pricerange	2024-04-08 20:05:47.257808+03
68	reviews	0001_initial	2024-04-09 19:49:31.600238+03
69	shop	0008_delete_pricerange	2024-04-09 19:49:31.700791+03
70	banner	0005_alter_banner_advertisement_text_alter_banner_image_and_more	2024-04-23 02:38:26.26527+03
71	shop	0009_category_image	2024-04-23 02:38:26.733391+03
72	shop	0010_category_description	2024-04-26 16:03:16.756559+03
73	shop	0011_product_views_count	2024-05-07 09:49:43.586237+03
74	shop	0012_product_search_count	2024-05-07 09:55:18.728381+03
75	reviews	0002_comment	2024-05-09 05:10:29.860432+03
76	shop	0013_product_shop_produc_availab_47d513_idx_and_more	2024-05-12 20:56:09.267823+03
\.


--
-- Data for Name: django_session; Type: TABLE DATA; Schema: public; Owner: perfume_admin
--

COPY public.django_session (session_key, session_data, expire_date) FROM stdin;
itjrujvestgiu2h1ds33sg3ys0ykcvz0	eyJjYXJ0Ijp7fX0:1rXHTR:rDt_w3UjSxsoJGp19lMhOkumUDIaNZMkMDro370r-cI	2024-02-20 12:10:37.657621+03
ogu9hsdmwyrn0z7tv12c0evnao2euwf2	eyJjYXJ0Ijp7fX0:1rc6sN:LGTekJdNy4hBQXE_Owbo6LujyW9iJkSAdSQ8N9CQQkY	2024-03-04 19:52:19.510879+03
bf9e9020sb4k3c6np269wa3q0wkc23bk	eyJjYXJ0Ijp7fX0:1rbGg2:kI-O3om4QF9wavhMm_M3cNQK9aNaiMDqt_Bo8GG32Tc	2024-03-02 12:08:06.804267+03
yu0rotw44e4w2vnwgiyqvwvtuep5prfn	eyJvcmRlcl9pZCI6MjYsImNhcnQiOnt9fQ:1rYL6T:wpUhw7kLTPQtM6gtjFa0Pqlmra4wsqH8QwKCJhtzTgY	2024-02-23 10:15:17.484499+03
r9i45kkcffzrvvw3upm2zavy22ul8yet	eyJjYXJ0Ijp7fX0:1raCVx:bUV47rnnsX2SnwLthEtMp9BK8y_HEJ7J5UF-YHPytck	2024-02-28 13:29:17.082376+03
2hvp2f1wtlh3ok3g3hkrgbqp8ifapwoz	eyJjYXJ0Ijp7fX0:1rYJiA:spPLIIRuAKD7t7gLCgjyxh-wls8aYVkh_kpHe2qvmIQ	2024-02-23 08:46:06.960998+03
8sv96k7ay7c7k0eot83wweteg0mafbwu	.eJxVjr0OgzAQg9_lZhRdyB8wdu8zoEtyFNoK2hCGCvHubaQuLB782ZZ3CJQydDvIIu-N5jzlD3SygleaAkMHsla1FohwHBX0tOWx31ZO_RQLhJPnKTx4LiDeab4tIixzTpMXJSL-dBXXJfLz8s-eBkZax18bSXuPyhjpEK1rdeuR0TmljVKNpoi2Za6V9UNjrbTBeBt4aHQTWdfl6xcu0kRa:1rQPsL:ny_OI0oXsn_M30TZHjArnmnwu19pVslx2GLCLvc2eMk	2024-02-01 13:43:57.282411+03
1q5ioyq637s3br903dak3pqjtctyljtg	eyJjYXJ0Ijp7IjIiOnsicXVhbnRpdHkiOjEsInByaWNlIjoiMTIzNS4wMCJ9fX0:1rbGgd:NGSPcG7_iDXOHkTA4xNW69UjpONky-yebYdI2jzD-EY	2024-03-02 12:08:43.753944+03
6xzh0oy17rza33n1hnzil6toyagyhq91	eyJvcmRlcl9pZCI6MjgsImNhcnQiOnt9fQ:1rYL9s:OMukmytazpaepaVBuP4A_9GRsv8_WOdIg0bbVTRNv38	2024-02-23 10:18:48.520892+03
tpq3zu04jesk510zw9wlz1f1rasqfs0l	eyJjYXJ0Ijp7fX0:1rXGwK:EWe3IsRWWcIjzrECFYqrDLl3sEri5x7_fsV0mjYr8jc	2024-02-20 11:36:24.762245+03
2vvdp3wj0x7lrg3q5tjarsz5wgsd317f	eyJjYXJ0Ijp7IjIiOnsicXVhbnRpdHkiOjEsInByaWNlIjoiMTIzNS4wMCJ9fX0:1rbGiB:_smqkFqPP8eA0ts7PgUBoaOIP2qMwKFhsXSjy6Pzn2w	2024-03-02 12:10:19.024132+03
ybtj2b54bele3jq8iu0bv4mp1wx63ieb	eyJjYXJ0Ijp7IjEiOnsicXVhbnRpdHkiOjEsInByaWNlIjoiMTIzMjQuMDAifX19:1rbGw1:244M-HZRraqv1HTiiQaZmjv4B9fql7qtiFpO7W05LfQ	2024-03-02 12:24:37.902893+03
ewgfdra1tx6h74b8136yn66t0tfkniio	eyJjYXJ0Ijp7fX0:1rXGzK:50WLCM7pPTUavHTI1DqK0O5Pd_vm0QNQQQ6rci_LsqE	2024-02-20 11:39:30.989841+03
sbfh2xiojjswpvgjmvb6jfxt0kwiggvn	eyJjYXJ0Ijp7fX0:1rbHG4:JhlkU1qsL-yeZzUXfDePaFz8IyGEjg7EqV_GA9XTMHI	2024-03-02 12:45:20.968056+03
q1emxrwozq2xokufrtw37pzotvyd2wyx	eyJjYXJ0Ijp7IjgiOnsicXVhbnRpdHkiOjEsInByaWNlIjoiMTA5MDAuMDAifX19:1rXFd4:54hV41iSgG2fL6tY-9M-TcEOVKVFvDr_BfacREyJ6zs	2024-02-20 10:12:26.517403+03
dbm4awnsq3stsro373qvbl6gk58oicyk	eyJjYXJ0Ijp7fX0:1rbHHh:M6vzl90zUrLi8j1soD4-1dPUANB9ckfooCa09EgXCd0	2024-03-02 12:47:01.640898+03
yk1plzifxwltg1jqz8rgzu4798bb02ao	eyJjYXJ0Ijp7fX0:1rbHKx:fX-WFZraj6GkA2BXt2gkalr_Vr2D83BGMgDEA3n5azo	2024-03-02 12:50:23.032456+03
qktynp0u1d4uwz7aqqvwhvdkcvq0dwed	eyJjYXJ0Ijp7fX0:1rbHMg:GRFRDLnLTm8pXVKed5PjrWk9EIeZtw8A7HsCSOvZATI	2024-03-02 12:52:10.520569+03
b1yha0bm4ks6wpbzu1bah35voljq8gqw	.eJyrVsovSkktis9MUbIyNNBRSk4sKlGyqlYyBxGFpYl5JZkllUpWRjpKBUWZyalKVkrGJpZ6BgZKtTpKhqhqDBFqDI2MjUzAqmprAcgyHQM:1rXFnk:xHYKyyKOPAvWP4Cmgx-2IJ35iZWb7xBF-b4JCnr-f6E	2024-02-20 10:23:28.034753+03
t2841ex7z8j9shbvoqjk6wv63vrnohjn	eyJjYXJ0Ijp7fX0:1rXH5u:tXQjlPe1AiAqtRBc5tg7iXstWnK31g7UrjHj4dIQnCQ	2024-02-20 11:46:18.972588+03
jj434kgf8wtas7ak3m5ff7cftw6lvlj2	eyJjYXJ0Ijp7IjEiOnsicXVhbnRpdHkiOjIsInByaWNlIjoiMTIzMjQuMDAifX19:1rbHQ3:PMUeFEgdIUcwWqnPyCfGhWZgnfpX6WfIpbstPDQpkVs	2024-03-02 12:55:39.008408+03
k2hw2sudlqi4a1loo2o93sv60g3hxyjx	.eJxVjDEOgzAMRe_iuYpsAolh7M4ZkJOYQluBBGFC3L1FYmH9772_Q5QlQ7MfD-hky0O3rbp0Y4IGbAW3MUj86HSS9JbpNZs4T3kZgzkVc9HVtHPS7_NybweDrMO_ZqypDoVwj-iZrbNU-qBlH7wqosNIySsRq8PeknfCxJ61wEqikoXjByuMOmE:1rabwg:JCx-GpNKs26-Cb-fE5k4kZP9X6dvF5vUIAnvDx2vsME	2024-02-29 16:38:34.735546+03
a7tvd86rmtg8fhu1td3c1rtqrni5wjyn	eyJjYXJ0Ijp7fX0:1rbHt0:Pnavq5t0RtMBOChXsr90XEsFSQQkI3fAb31zYJoP_9w	2024-03-02 13:25:34.919392+03
oou1i17bgkejn9nxhxm0r2wxz5s4a7zh	eyJjYXJ0Ijp7fX0:1rXHyI:Esvvc8K-sfTGS1FCNHxvx0gF-6orxeegNI_m19Ntp1s	2024-02-20 12:42:30.678141+03
9dvz5d6tjhbtxsj0p28bxwybg708su0d	eyJjYXJ0Ijp7fX0:1rac6y:HRUeUg9BgOfuXn5SirwuxVyGoOoMlJ7RdmgYY8ea_Fk	2024-02-29 16:49:12.918364+03
enom0z2z1rgzd8bwh36lvdbwn6roghpj	eyJjYXJ0Ijp7fX0:1rbHtl:biD--urA8adaou6N6dV1bUHGGC_Swd3C4hJV2DelTl4	2024-03-02 13:26:21.569209+03
8rtfskian970nyr9ue8sgzsvwxzyb4cb	eyJjYXJ0Ijp7IjIiOnsicXVhbnRpdHkiOjEsInByaWNlIjoiMTIzNS4wMCJ9fX0:1rXPbF:erHjv0TpBoIDJVzfJgkyThCJrsHsENqPMfWcos_TMJ8	2024-02-20 20:51:13.411715+03
gkcq5hs7if9pwqdz9qi52n0h2xevwvqm	eyJjYXJ0Ijp7fX0:1racKs:al9NrNE990dfX7DbBSSdqyadnkSErTe9oNLKCfE8rMw	2024-02-29 17:03:34.936474+03
ol29juyhq8y942ko0qb07c9c4h4p6jxv	.eJxVjjsOgzAQRO_iGln4u2vK9DkDsr2bQBJhyUCFuHtAokjaeTNPs4k-rsvQrzPXfiTRCeNF8xummN88nYRecXoWmcu01DHJsyIvOst7If7cru6fYIjzcKwBmX2rIQTyEJVTXhtATGAMowrB6la7h2KyGa1L6BBtck57gszAcEhLpeulDo3IsS6i2_b9C0uMPmQ:1rYYqt:0k1m85Ql2kr-YEUif1IwAPZMHJEsNzzdx82lJtnT1dw	2024-02-24 00:56:07.954731+03
6u3tkusjvyt8xzcumqj7ca0e1rpcl25j	eyJjYXJ0Ijp7IjEiOnsicXVhbnRpdHkiOjEsInByaWNlIjoiMTIzMjQuMDAifX19:1rYDXW:VSPtQtCRjZJ76K43Q0ODGHuWw3ZPor-7hFb9fWbR7c0	2024-02-23 02:10:42.005678+03
kikl5mqlpm9pbonvyjq4523l4abu9mdr	eyJjYXJ0Ijp7fX0:1rbI3K:jauYT6eEc3nCvRbQHwIef1zBnDPEILeMatchiOJ4pzk	2024-03-02 13:36:14.245739+03
td911vrfjxolmv05iivu2p947fofs9dr	.eJxVjDEOgzAQBP_iOrLuMNgHZfq8AZ3tI5BEWLKhQvw9INHQzszuplKOkvspqq5xD9Xzuoz9Wi6kTKNu0HP4ynya-OH5nXRI85Inr89EX7boV4rye17t7WDkMh5rghZbXzENAI7IWIO181IP3okAWAgYnSCSWBgMOsuE5EgqaDgImuM0cF5Ut-37H1gUPr8:1rZ3f8:Z8N1o0Jz5L_3RhnHQu_IsmMSqcwpJVjP4xdMbjBJOEM	2024-02-25 09:50:02.87407+03
8qe64kjijgj03s2n2i79w55drf3pa1l8	eyJvcmRlcl9pZCI6NDMsImNhcnQiOnt9fQ:1rZ1GN:VBrKBeuUODkqwpo5Ba4UJCkND37mUIdtzquudVydMkI	2024-02-25 07:16:19.555932+03
wgsiz2xzr3lp3y3bul84cf5ewu5kc71k	eyJjYXJ0Ijp7fX0:1rbIAd:TbC7zfaNUFLoG2MOpq7FuACIeRolLQZUjmd83caliw8	2024-03-02 13:43:47.931883+03
i1xyirnrf0f3e259j633r56blkd5gqkw	eyJjYXJ0Ijp7fX0:1rbIAk:bFqUmY8snNfSzRoyWHcPWBMyiKDN8MqqUtJVEbXGr24	2024-03-02 13:43:54.279075+03
1nd4vy9o4bi6kqbvfpg1df1ba4tof7rw	eyJjYXJ0Ijp7fX0:1rbIC1:AxGkOiGIJ_pxQkaWrRmoLHnqfk52c0H-3Nkv05e8hEM	2024-03-02 13:45:13.20615+03
7c6lh2hdh4y6mg4bijrjrdrb9zbnojm7	eyJjYXJ0Ijp7fX0:1racrx:V8KsmxpM87M7lSe2rkA4Z-ibV0Y8T2HjegaRYkPdd6o	2024-02-29 17:37:45.00773+03
zo52oqwicdi80h8bw9d9hkkn6un38ntx	eyJjYXJ0Ijp7fX0:1rbIJ3:_DDBjIX_GlxclxHu7iW6ekGxq0IGbgtgOK6399QJ00I	2024-03-02 13:52:29.433553+03
kqz68j5q50xhdl0ja4zgkxzjnc19tdze	.eJxVTr0OgjAQfpebSXNHgRZGd5-BXNtDUANaymAI7y4kDLp8w_e_QstL6ttlltgOARrQJWS_pGP_kPFQwp3H26T8NKY4OHVY1KnO6joFeV5O719Bz3O_py3WVLucbYdorNWVpsI4KTpnRBAr9BSMEFmpsNNkKrZkjZUcS_ZCei-dYjhfFpiB55igWSE_4L3wmIb0gYYyeMXByz5JuS4VImzb9gXupEjn:1rZ1vD:UrIpvYJAUFJhQP_O7a8c8uKdKc4y4xvwJO2wDFijnd8	2024-02-25 07:58:31.038867+03
kn9usmig7nxp4je4tn5yz5rog9h0ro0b	eyJjYXJ0Ijp7fX0:1racsh:G4ODSgA2MzirHF1-lG1XXVyayfoBAQt7sQ8iK9r36R4	2024-02-29 17:38:31.081485+03
v1ktxejest6csmyyrjfyjrgiu49d6ngc	eyJjYXJ0Ijp7fX0:1racun:fRZIxLu-7PPTQaW4-I2_Cd-1JndKvbrgp5VOSuRW-KI	2024-02-29 17:40:41.876957+03
iyon9h5vzx5usdh2v7sv5loo0l63u1sb	eyJjYXJ0Ijp7fX0:1rbIJD:e24xG0-pZFP3xNwEkHp87bM58Ql33vq8HVO8P-FiJXE	2024-03-02 13:52:39.340025+03
29daz2r0ku52kqmlnw7p5bdaonzzhb3t	eyJjYXJ0Ijp7fX0:1rbGV2:hAEtNZ4VYHauB-9pGDYr0Q04D7vfGa6lZymBcpG_BIA	2024-03-02 11:56:44.461903+03
r12owd9l4ywrtlpgt0hnih36v6amtoht	eyJjYXJ0Ijp7fX0:1rbJHq:mxN1zdu9qCnFeEFST9Krm9t7xbtItMHqC4UTPz_Lqgw	2024-03-02 14:55:18.51989+03
elsf9uxior9v4mzbxuvu73x5kx93p0n8	eyJjYXJ0Ijp7IjYiOnsicXVhbnRpdHkiOjEsInByaWNlIjoiMTk3NTAuMDAifX19:1rbJN5:K-ujWLWJOIW4YVAulieKcWS1qmxX6FJiqIpWs998Zaw	2024-03-02 15:00:43.439389+03
hcdoq6yjf1rsic1opw0il8gc6dd1cvas	eyJjYXJ0Ijp7fX0:1rbJn8:2jcuacVeBG5Wv8ayEskqEkeKe_SNoShEAA_8A0SG3wE	2024-03-02 15:27:38.028128+03
1cxpgkv6huv6sp5qrnfxv0vdgm1br7mm	eyJjYXJ0Ijp7fX0:1rc5sB:25gLL6zATwjeNGNN0XXrf0Wu9PgVoWLmJHj6_FxGdpk	2024-03-04 18:48:03.299011+03
4wgvm1rvlcuwvgh57xd7klcoflnhprew	eyJjYXJ0Ijp7fX0:1rbgqh:ldTuyc29ezCTG0GUhxdKkHR05xFbwfuE-GHF6uanwUE	2024-03-03 16:04:51.228579+03
m872jy2fpke6o7ptk29eosiqvzpjy23e	eyJjYXJ0Ijp7fX0:1rbK4d:isIHXBmPH8OFCvcL96qIb4VgXaqx9g2YDm8_gSEY_aE	2024-03-02 15:45:43.477265+03
v2ovquie0a0dcycfkkje8gnqi14uupqu	eyJjYXJ0Ijp7fX0:1rbguS:p15d1QCWqJrfKk6zt_wxhz6K-1JdkYk3QdZcRLM6vbY	2024-03-03 16:08:44.032595+03
ppfr1sudiahcckgnar7txkpsauwmvphy	eyJjYXJ0Ijp7IjEiOnsicXVhbnRpdHkiOjEsInByaWNlIjoiMTIzMjQuMDAifX19:1rdAMu:E1L0qFlP0HAIyK3DjUS_6MIsLI2YWWBvVuJGbUKrRXU	2024-03-07 17:48:12.60105+03
802auiq24xhdhkeaeq9srmt3ixp2wez5	eyJjYXJ0Ijp7fX0:1rbK5T:eLyf9psIVdMcZWntebBxYL2Bj9Z-KafxmpTibgGQ2BM	2024-03-02 15:46:35.332516+03
w8x8e6oa5r55u8qdh69a9ryowlxsnwtr	eyJjYXJ0Ijp7fX0:1rcT1L:aC4711zN3zrikpATmT0BghHbNDinNnfQ4WJwSlePHt0	2024-03-05 19:31:03.289558+03
x9bjepe5jlauchsnhy0ogzyzlx74p6jv	eyJjYXJ0Ijp7fX0:1rqguT:WpcSOwP6LOad-3hAQEnuSgOjPnwzCTFUjUu79jFtIyU	2024-04-14 01:10:45.607198+03
d2frq3j14at52j3wza0iayxdkpzz6ry0	eyJjYXJ0Ijp7fX0:1rbKAt:jzSIrQqWAK6zd71zMdrfZwEQcyp6HdLNqv3tbAu5dno	2024-03-02 15:52:11.241606+03
vh3ij1snl4ro7m60hxi58pcay5nl8wyv	eyJjYXJ0Ijp7fX0:1rcT1c:1_WuZqWqGtjtJAG8KMVl2ESTf6wjxDoemMilHFGuHCU	2024-03-05 19:31:20.92239+03
1hqg3q6zo4aspyxhc9awq3kbvl8qqysu	eyJjYXJ0Ijp7IjEiOnsicXVhbnRpdHkiOjEsInByaWNlIjoiMTIzMjQuMDAifX19:1rdB2K:Z7RVan7xvY2ecs8FQUBO3wD2wWn_l1YSMNxCI1X-1NU	2024-03-07 18:31:00.960409+03
v1xgk9yltaqgk6waooyx4yrohup7ad31	eyJjYXJ0Ijp7fX0:1rbKCp:ah-ppa6CKT4JN2JFxh4YmgBF6DHvSG9JFwjHnkc3WZM	2024-03-02 15:54:11.97152+03
thb6rz2kb7amczjwwbbm5r4ppmkm26qo	eyJjYXJ0Ijp7fX0:1rcT2I:b5r-UPzyPqo1_7nWAf9WYpwla58-xpek_PMcdyh7IU4	2024-03-05 19:32:02.96155+03
q8vya2z3lzy8m6abd43rz5ow99k4cxna	eyJjYXJ0Ijp7fX0:1reHe5:AvEW-oyOA2mM5kv_jL_XCV2c3j4g3zw1dPP7vUiRGkk	2024-03-10 19:46:33.882326+03
siuwvy0zp1bttw5elaytwlmazcaoyv87	eyJjYXJ0Ijp7fX0:1riDn4:UtoQi2n0qWen-cFXGYWmDxBB79TQ6mtC7oujzWh5gzM	2024-03-21 16:28:06.324265+03
r0uhvox09hbbaq2mur4crr57dl466lth	eyJjYXJ0Ijp7fX0:1rcT69:h7V5c5QuHR5UqlF239-UkKR9LcReV7NVE1bHiVVIEZ4	2024-03-05 19:36:01.543706+03
b92qpbhcjcc6bxwnx09re05i9431odfe	eyJjYXJ0Ijp7fX0:1reHfV:fr_qXS-s5qQ2pyu_MyYkTdCVsh12IrEq-82OXSMKeBY	2024-03-10 19:48:01.016944+03
obcoicr9x9n4rgs72eetig3fyw5wu589	eyJjYXJ0Ijp7fX0:1reHo4:UnwzeV5j-wPqm1KeNUu-qxooR78MtB13lI_3wQ-txqg	2024-03-10 19:56:52.705928+03
bugb88ar30aol367o5wak3xwxjgnitqh	eyJjYXJ0Ijp7fX0:1rcTDK:pxkNbDMnfCHrZ1eeVU5Ug8oT2ha_Vr9YPw8g6f3LLHQ	2024-03-05 19:43:26.561055+03
asrge4kijznvemmvojkbd6ujxgcg3a2h	eyJjYXJ0Ijp7fX0:1rcTEg:ndAdv1O0ljdJo2BC_hxNtGhhfp2YrXlMQ3jy8ur95LU	2024-03-05 19:44:50.636762+03
gos4xoktufhun9jdrgcccl9i7bgsqc9u	eyJjYXJ0Ijp7fX0:1rc6g9:LUl8Lx1I2K40KotmQ944dr-kQOkhfKakuqGh1QeQBZc	2024-03-04 19:39:41.902786+03
bqw2nvkknofoz0cabcojf9pdoif9yufs	eyJjYXJ0Ijp7fX0:1red3t:TDBcnVc46tI74baxeDmvG9noxCEmqaqpO0IV03G96ZU	2024-03-11 18:38:37.686459+03
wmkkvm77fao9o5y9j0w0l5cx68pv93m7	eyJjYXJ0Ijp7fX0:1rc6gr:HIZhUmrFtpAfIpv5PcBEYsRCYu2kYmwF9HH6j0bRjrI	2024-03-04 19:40:25.342045+03
ferqmo0covg71tcd9b1z4nyageebao3t	eyJjYXJ0Ijp7fX0:1rbhQB:d23gbeiMmcBebUWJBlevNAvvhPrZsE3hTVjZWm-qHJw	2024-03-03 16:41:31.951539+03
ydpylq2wb8c0c8x0xzcz5260ttq9g9eb	eyJjYXJ0Ijp7fX0:1rcTJp:vfMvz7AdO6JOTYiXjueCPliZSz1rqkeCXj46FYFiZkE	2024-03-05 19:50:09.83767+03
1ybl15gmx9dxgaqevwstumdvdsl39grf	eyJjYXJ0Ijp7IjEiOnsicXVhbnRpdHkiOjEsInByaWNlIjoiMTIzMjQuMDAifX19:1rc6tF:o12TViBNvwvVFIB6_OKpNwnDIiK-hrLCFGzsRohuL08	2024-03-04 19:53:13.086143+03
cpurgfdnb8c4f4v9nwkn4o4sqk76yap4	eyJjYXJ0Ijp7fX0:1rbiF0:phWWPFWKKnLFEzSIV2TB4s6Q-b8Qfd1Tl97oXc8w9bY	2024-03-03 17:34:02.352058+03
v16q9tqugjmn20wd5aqfwnr74v8ukwo4	eyJjYXJ0Ijp7fX0:1rbhZF:pGyo0tTDVuy6Tyd9a12y8RBNzb7vcFR7cy3qZ6sB3LE	2024-03-03 16:50:53.490884+03
8nxgywh070bxp2rwz5p9tp9iegpbxqrl	eyJjYXJ0Ijp7fX0:1rc58N:mtwC3N0DoYPQLjPURnN8vOFO_aTdK1ZCBlwq6fsyHeg	2024-03-04 18:00:43.309732+03
wb2elwvklvfx3gp78j12kwyswezg9s8r	eyJjYXJ0Ijp7fX0:1rc7c0:sQfC4ORU4Tgp5ZXxr6eVEJByV6_9d-mSmk2PqI7RSFU	2024-03-04 20:39:28.065003+03
h7xftuajit3s14hhx5l0nr8jzcuv2cdm	eyJjYXJ0Ijp7fX0:1rc5Ey:dXu1xeMK8oHqNVk_WIK2aIBjvrc6pfaqL1z41ONI8Vw	2024-03-04 18:07:32.876832+03
c1xopnoj3kffu6je3eukra09vwlyfb3a	eyJjYXJ0Ijp7fX0:1riDxj:Pn3_kYvrF-PHh_Nw3KCzPrF7R7bD6go38tbk82XVG20	2024-03-21 16:39:07.546978+03
rqj87j1ivm89c3oe14ytis0nk7gz5pnu	eyJjYXJ0Ijp7fX0:1rcTLE:IeWI9Cd-vM1X7FBFNkcdHCksbbZiULG1VF6vt4EXpRQ	2024-03-05 19:51:36.738668+03
4gptsttyo5ytb9gs45wrrnlvdatiijdw	eyJjYXJ0Ijp7fX0:1rbheL:Z_3aF5vJIft6wyPUA6QDoq6pY4qU0iR8QBWdg_kuGHc	2024-03-03 16:56:09.638157+03
6dqlbubcxmt597w8ef8m2u9n4l7me0lr	eyJjYXJ0Ijp7fX0:1rbhem:JQSKQPVlCxK23-zyGfogYLcGkpOqbO6ubs4UWBLrkyA	2024-03-03 16:56:36.2552+03
bkt916jjy5benvy80x52d7656fux15r4	eyJjYXJ0Ijp7fX0:1rcTMZ:244Z_tCs5Lk2LxOAJCoeguYSp5udVjFAjK29yh6p0pw	2024-03-05 19:52:59.583084+03
fl26aan1frtm6seszuu37w3n5mi44vrw	eyJjYXJ0Ijp7IjciOnsicXVhbnRpdHkiOjEsInByaWNlIjoiMzQ5LjAwIn19fQ:1rc7hG:WMBVwrX7gVAK-xTpsOuxRkviRmqbrxx9qxjwU0bjQG0	2024-03-04 20:44:54.232241+03
sb0qao1pfipnywtk8363wymcukw38k9v	eyJjYXJ0Ijp7IjIiOnsicXVhbnRpdHkiOjEsInByaWNlIjoiMTIzNS4wMCJ9fX0:1rcnhI:P0U5FCY3iEb1VG0iKPD1-32jIQQmeiMxv07EabjJngk	2024-03-06 17:35:44.466204+03
y7hmi4uxrt0oenjkncr57gsueac7me31	eyJjYXJ0Ijp7fX0:1rbhmv:8Z9THgfUkURPE6w3Zv8nBqRWlCKbxK1YPSajnHXy9z8	2024-03-03 17:05:01.541843+03
covwen9n1l6kkjq674hgjm0ukv81pps7	eyJjYXJ0Ijp7fX0:1rc5cX:pjXVSQUpBg1Cu_XkOSk1hYIm-WEvuwVCVARTPrlAP2E	2024-03-04 18:31:53.675798+03
ejw1991gp2f263haxvysyzylpi844wte	eyJjYXJ0Ijp7fX0:1rc7q2:VcrF5gFQsGaPeRdGtQAVQURL4hRacvz4Wfd2gTmuGh8	2024-03-04 20:53:58.922776+03
5f12f9j50s77ff0rt3da1phztidajmln	eyJjYXJ0Ijp7fX0:1rcpXB:-9adwhb_0vQJM6EkWyTtrqThg9zVD4nijKEHQUWTCvE	2024-03-06 19:33:25.03823+03
jkrstiu3iw4quu2zmy1m0gb1vnqf9b7z	eyJjYXJ0Ijp7fX0:1rc870:Rxuh_RzJHe3_nfj042v1zPXhu1pVjqJqi5ClxaR8jxA	2024-03-04 21:11:30.00421+03
e3hzzxtrk4ylnhl1ko8gphmkj7ew9304	eyJjYXJ0Ijp7fX0:1rcSWL:JIVu3roFWtGNv0KVfBY4gR_abVslD1A6Dg5un-iAzXU	2024-03-05 18:59:01.822554+03
f4555a8ie651nro273phhp0syi8x9col	eyJjYXJ0Ijp7fX0:1rd9uG:gMHj1DycWRZuVlvI3iGMeomWGybTJWI5gx3521LSVIo	2024-03-07 17:18:36.726467+03
e6dnbmz6eiixh1linw8lmdx2kaisyoz1	eyJjYXJ0Ijp7fX0:1rcSYD:ef0JzaFozzZrFfitDaoDUlrTvn9-P2i8rsHk0EO6Cck	2024-03-05 19:00:57.443149+03
ft8ifn38y654c8qyv1tmztujioz9b39w	eyJjYXJ0Ijp7fX0:1rcShk:v8-rCcTf3GMW_OXLCSrfgH-RbSb-jNKMu-fYRxGLkr0	2024-03-05 19:10:48.322999+03
mjxcdew15y37eyjwl2p0dyz370pwcsbx	eyJjYXJ0Ijp7fX0:1redPj:eCneAI3NmBAMixqNz0ESg_IT1wsUi4_hE_fbvGzWdaU	2024-03-11 19:01:11.398256+03
ds84is1kgny5yodc4x9n65g17zq6twal	eyJjYXJ0Ijp7fX0:1rcSlE:NxiQU_D5s0rvOMXpS5T8Exx0dflpgUhPZsxywG7Dkmg	2024-03-05 19:14:24.447552+03
airw3mfwzx3kswbvnae7lvll4kp35n2w	eyJjYXJ0Ijp7fX0:1rcSlJ:UW22NWk-jv6nmBA1aEbMHxIKhiZJGTh_FMdOT7lCwnY	2024-03-05 19:14:29.388012+03
3bxol4rn1z2ako6nf0kb1zi14rfll4pi	.eJxVjDEOgzAMRe_iuYpsAolh7M4ZkJOYQluBBGFC3L1FYmH9772_Q5QlQ7MfD-hky0O3rbp0Y4IGbAW3MUj86HSS9JbpNZs4T3kZgzkVc9HVtHPS7_NybweDrMO_ZqypDoVwj-iZrbNU-qBlH7wqosNIySsRq8PeknfCxJ61wEqikoXjByuMOmE:1rcoF6:-_HP52vMpnSkH6En2iMBjF3mNOkbOYlTMBmJJfK6gKU	2024-03-06 18:10:40.01196+03
so4kexqrao7y6ge414p0h176akx86jq6	eyJjYXJ0Ijp7fX0:1rdAM2:xdSfD_Fmmmu5Mwqk6jUhU3BXBFeFBHDGHSWH4j2oBTQ	2024-03-07 17:47:18.780364+03
07uq9ticlj19z8ychs476nz4u7y10wer	eyJjYXJ0Ijp7fX0:1redfM:F8C2ObaM7lAHXFyuPjB2imHjGwh69iRbIktV4snHmgI	2024-03-11 19:17:20.054656+03
20va5tif0posmy7ku00nlx66j4xjirdj	eyJjYXJ0Ijp7fX0:1rsZ9J:nvnYzGIrXUD5A8LpcXcqBWqHSI6g_r9Vb83gCCX4-OM	2024-04-19 05:17:49.169279+03
ktkn5dp8df5fih550aefq2wi4qpohwkz	eyJjYXJ0Ijp7fX0:1riDb4:DsDQHViNRSX1gWWWbwrueB2mtPlTVvl2u7ZUNXCaWBM	2024-03-21 16:15:42.67802+03
53jwpzxb2ircrm2369qdxtlazngr365h	.eJxVjDEOgzAMRe_iuYpsAolh7M4ZkJOYQluBBGFC3L1FYmH9772_Q5QlQ7MfD-hky0O3rbp0Y4IGbAW3MUj86HSS9JbpNZs4T3kZgzkVc9HVtHPS7_NybweDrMO_ZqypDoVwj-iZrbNU-qBlH7wqosNIySsRq8PeknfCxJ61wEqikoXjByuMOmE:1rkx1b:ZyU03VHBaSaZZOV-3V8sMF9uF46f-reeTk7BgJDQtX4	2024-03-29 05:10:23.907708+03
wdj1pz765om1de1nl0kkh17g7rxymv8j	.eJxVjDEOgzAMRe_iuYpsAolh7M4ZkJOYQluBBGFC3L1FYmH9772_Q5QlQ7MfD-hky0O3rbp0Y4IGbAW3MUj86HSS9JbpNZs4T3kZgzkVc9HVtHPS7_NybweDrMO_ZqypDoVwj-iZrbNU-qBlH7wqosNIySsRq8PeknfCxJ61wEqikoXjByuMOmE:1ree8e:WylLTqNecPpp8ZgB3KaIzGUhbeKFk3YnCkznoMTYKmc	2024-03-11 19:47:36.11586+03
o8sv9p7u3dn5p1by0sjm49wyejzqqs19	eyJjYXJ0Ijp7fX0:1riDvA:twEa6wcN9-xdNL-gYlUf1sNLKwiXaUvCrsMctSG7Uwg	2024-03-21 16:36:28.437115+03
tuf4j5rnbzwy8rhkhftucvckbol32dhe	eyJjYXJ0Ijp7fSwidmstb2F1dGgyX3N0YXRlIjoid2hDT2NleHJYOE1SYTFlRHM2QldMYTBsUFVUYXpsaU0ifQ:1rjH7a:E_WaVNeAtuCw4ByfInqY0J7hstjTVELjdyLrPsjpZ6g	2024-03-24 14:13:38.857824+03
sndoassihkxhvezv63efn8xpyhijpp75	.eJxVjDEOgzAMRe_iuYpsAolh7M4ZkJOYQluBBGFC3L1FYmH9772_Q5QlQ7MfD-hky0O3rbp0Y4IGbAW3MUj86HSS9JbpNZs4T3kZgzkVc9HVtHPS7_NybweDrMO_ZqypDoVwj-iZrbNU-qBlH7wqosNIySsRq8PeknfCxJ61wEqikoXjByuMOmE:1rjeCG:YV9o-s2CfO5q7lIuwL405d1S2yyavK4MTIW-N5zy8_Q	2024-03-25 14:52:00.169928+03
7haxcuuy6uispt82o61d61c775wkudeu	eyJjYXJ0Ijp7fX0:1riE0E:V7sxUqZKJccAi9Cov1MsqlV5fczB6mKY_6bQt7aEICM	2024-03-21 16:41:42.177782+03
fwfnloicf43sk4n7xybdmmnibl77d9a6	eyJjYXJ0Ijp7fX0:1rjlMw:4aeqhPjAQx1sJfi7xhXRXOk6ggfaVT4VQVR5QCcE4K4	2024-03-25 22:31:30.469964+03
g1j96gdcstzzug6eu7cy9y1umv0a9eh1	eyJjYXJ0Ijp7fX0:1rjeKn:r3Bw-PGkvlg1xeqNZbXqtO1g8BDuZWHa49YZtv2-1-4	2024-03-25 15:00:49.029817+03
g1yf0hcfeh3z3xfrdm9yh6dkfbu9cqc9	eyJjYXJ0Ijp7fX0:1reeJH:KDkKtz1Sbhadl2O_ooQudABjgE5d2xYCpYak5rCU9gg	2024-03-11 19:58:35.83386+03
d1uad9egknx5pd3iamxunoopxhaz272z	eyJjYXJ0Ijp7fX0:1riCYT:Hl4KtOGeCSCIU9pLESHhAygtb5rxtO3NBaGWL5tYTcY	2024-03-21 15:08:57.02893+03
jyae38gjuhvbmbfai4v1cct5ba5ehr6o	eyJjYXJ0Ijp7fX0:1rjlNr:d-PuQsKMG0oHC1Ad7plm-TpKsValK_mvJEAcj3ptQmM	2024-03-25 22:32:27.480043+03
4ksc58cklm1td7ma3r40039f03kxm2ao	eyJjYXJ0Ijp7fX0:1rjlO2:XUyKQjCUcl7E_0r07G9Cg5E-LaPmPUQrkA6MbQMFyCg	2024-03-25 22:32:38.382802+03
6qaznxkei8xdjkp3o6d61mr8g1zl3fhm	eyJjYXJ0Ijp7fX0:1rl4YT:G5Bt3ErI4pE6xThmdRHy507rzzkNEVD1uYUGJTATSs4	2024-03-29 13:12:49.776017+03
pd0xm0scja4epxpb4rfifmkem1vp39l5	eyJjYXJ0Ijp7fX0:1rjeMX:1K3xXaGCGJzd-AXIMUd3adMYz0u-f58tgAaGkmBTT3c	2024-03-25 15:02:37.134681+03
ekxwovv6mwmtl3llzip3vplouwkzw3b7	eyJjYXJ0Ijp7fX0:1riDDS:oiSR8R_O9dpgj3AnoUjeMT4l9t0IC4gN3Qjf3QwGNJ0	2024-03-21 15:51:18.28541+03
ysmv8ahazbp26ujvqwppnn74alcdckdy	eyJjYXJ0Ijp7fX0:1riEPt:NMPfEIOdecNGeHQXGIepu4lXEGMoPHckIcMNaALAdTE	2024-03-21 17:08:13.284906+03
ij9a0atp9n206fge4wfh7l93kt8v8j77	eyJjYXJ0Ijp7IjEiOnsicXVhbnRpdHkiOjEsInByaWNlIjoiMTIzMjQuMDAifX19:1rl4ep:BPlRKn-alsLoGsleoc3yc34lxRZl-HpSpNz1btnsbco	2024-03-29 13:19:23.868916+03
pkmkgm7hhzojrucyb934rl2mog63h6y8	.eJxVjDEOgzAMRe_iuYpsAolh7M4ZkJOYQluBBGFC3L1FYmH9772_Q5QlQ7MfD-hky0O3rbp0Y4IGbAW3MUj86HSS9JbpNZs4T3kZgzkVc9HVtHPS7_NybweDrMO_ZqypDoVwj-iZrbNU-qBlH7wqosNIySsRq8PeknfCxJ61wEqikoXjByuMOmE:1rjd1d:3vaUZVCCg4zIQ2x5VQPpsScipZkgzUcB9IRsi-pDy18	2024-03-25 13:36:57.419568+03
k7n35aglsl6s1ovigzke58jvujut1fa8	eyJjYXJ0Ijp7fX0:1rl4f2:L8Jkm8L5CI5szJ2ywUUqOdVx8ZDMs8owUBY0RIIVywg	2024-03-29 13:19:36.246975+03
axiyz9lxq60vxg11p2efv71e7j5cgx3u	eyJjYXJ0Ijp7fX0:1rjeXQ:bluqrPqlH8XMci8DlSxPDgCdqNDGEDNjX87vO-xbAWc	2024-03-25 15:13:52.515023+03
ox9ljtvm9i16z8wn4tl7wd7c0xrd4rya	eyJjYXJ0Ijp7fX0:1rkwZt:Fqfmx310szoUKAunK1PRjs0im2BKaegjS8yD3pQLHTY	2024-03-29 04:41:45.740045+03
siwewtye7nu80m8w28xm6pjaxoddhwk7	eyJjYXJ0Ijp7fX0:1riDPx:etkAd9gASULDkg5PVHsMGpDpANaw0SP6_nXfpFuaHTM	2024-03-21 16:04:13.946592+03
mr2m4d33b0lw760lihh5gcoqk91kwju8	eyJjYXJ0Ijp7fX0:1rkkWu:FZIvAUNWyG8IPUXqBcl5znTkg60MqsUxnxXsQ_TVWyc	2024-03-28 15:49:52.300359+03
cebl4tsy39wekdqbgwpg8mt32vfb0f6a	eyJjYXJ0Ijp7fX0:1rl4fy:D1B4BZrtN9tibU4SBGnUw3aEb3XSH7COLRHaUOtG4-A	2024-03-29 13:20:34.626942+03
e46kf5cs99vviuylt9c62twp9x1v3ows	eyJjYXJ0Ijp7fX0:1riDRk:mEo_J6oZOzOt1l-R7HpWIbIjcE48_1egcgAXTgYJ4_o	2024-03-21 16:06:04.826925+03
yiyd0hpbzk4w9sgz0d8m7ygpcpojv0xy	eyJjYXJ0Ijp7fX0:1rkkX7:y22dWuRvLoMJoQYNEkvGnKy0alPExRJYQqDNINBLfCc	2024-03-28 15:50:05.563708+03
1z4m5j1sbr6oloj3k4s0ar3cyyyn6pn8	eyJjYXJ0Ijp7fX0:1riEhk:tnc4HmMfE0lKHVrgh4OgvB1V7DuwFQvwOTi9uMdUcaA	2024-03-21 17:26:40.568416+03
gcl7dntwxanh5glcl9tuz596vj1e2bkv	eyJjYXJ0Ijp7fX0:1rl4gc:Cy9XyLk1u5ajkLqBglnomjwi23Joo51LdMbFDvy4_EE	2024-03-29 13:21:14.307806+03
rq4p5ba33j16gjeonkvd3nrgx5e94zs4	.eJxVjDEOgzAMRe_iuYpsAolh7M4ZkJOYQluBBGFC3L1FYmH9772_Q5QlQ7MfD-hky0O3rbp0Y4IGbAW3MUj86HSS9JbpNZs4T3kZgzkVc9HVtHPS7_NybweDrMO_ZqypDoVwj-iZrbNU-qBlH7wqosNIySsRq8PeknfCxJ61wEqikoXjByuMOmE:1rjdTn:99IpH0OaoVa6X90sYc5vHWDUbixmC6_fPLtUSvUtedI	2024-03-25 14:06:03.367968+03
1e30qf1hg4jdkeskgu7cxfe5r0p1e8in	eyJjYXJ0Ijp7IjIiOnsicXVhbnRpdHkiOjEsInByaWNlIjoiMTIzNS4wMCJ9fX0:1rl4iy:RU5HcL8gFLiSGW0q8E2UhniR_epwgflkZRt9APsBdJ8	2024-03-29 13:23:40.833842+03
qad1rlg0ogukkuw25vhaoflhjndx4343	.eJxVjDEOgzAMRe_iuYpsAolh7M4ZkJOYQluBBGFC3L1FYmH9772_Q5QlQ7MfD-hky0O3rbp0Y4IGbAW3MUj86HSS9JbpNZs4T3kZgzkVc9HVtHPS7_NybweDrMO_ZqypDoVwj-iZrbNU-qBlH7wqosNIySsRq8PeknfCxJ61wEqikoXjByuMOmE:1rjec7:3adeXTwX1FqwmBsbY7ec5BKWwi6xWwjrmAyAO9IrVdI	2024-03-25 15:18:43.331198+03
f0m844fffhqw7g24iyakptillsmn7c1a	eyJjYXJ0Ijp7fX0:1rjecI:vFF6oDgzXxHzUSwVpZcYF2HdkqGTGIdY9SwdK537ekA	2024-03-25 15:18:54.705412+03
5zu7pcguk0q4z5mm4djs8y524rlf15md	.eJxVjDEOgzAMRe_iuYpsAolh7M4ZkJOYQluBBGFC3L1FYmH9772_Q5QlQ7MfD-hky0O3rbp0Y4IGbAW3MUj86HSS9JbpNZs4T3kZgzkVc9HVtHPS7_NybweDrMO_ZqypDoVwj-iZrbNU-qBlH7wqosNIySsRq8PeknfCxJ61wEqikoXjByuMOmE:1rjdWA:b0_vXHWjeO5sl3AFXIkMlERI7CFhSmj5kynImVdwaJ0	2024-03-25 14:08:30.092451+03
fz2xs70fyxjmzpgg8l0a4nybdf3wyc7s	eyJjYXJ0Ijp7fX0:1rjkQU:bikTuvYTSEYtXtkjTqSLyRZgpmaY6IiiJ1A4ERmr9lw	2024-03-25 21:31:06.615008+03
a7we4poqyhqy2kgyc0eho708gxlrdzjc	eyJjYXJ0Ijp7fX0:1rjdtW:RR14_jrvM8YPA4TAEHGpDZiHpaArKYa9m9sAGtuBhYY	2024-03-25 14:32:38.686014+03
dp0ary6l4fgcu947y062lxepri1dqsqr	eyJjYXJ0Ijp7fX0:1rl4ug:bEPmD5v_1CQKqZ9-6BT2OGnmK5ysAzvF9rn0EzBHnq4	2024-03-29 13:35:46.112987+03
hxmod4rqpycs0rw7a1b171qxpe8x4fyo	eyJjYXJ0Ijp7fX0:1rjkZl:OJB7thRGhRuI3enuAUX9Y98z66r3Y6AvH-6ZK_lKY6I	2024-03-25 21:40:41.729825+03
89kilbixah3f88x18a0iy4515vcir6a5	.eJxVjDEOgzAMRe_iuYpsAolh7M4ZkJOYQluBBGFC3L1FYmH9772_Q5QlQ7MfD-hky0O3rbp0Y4IGbAW3MUj86HSS9JbpNZs4T3kZgzkVc9HVtHPS7_NybweDrMO_ZqypDoVwj-iZrbNU-qBlH7wqosNIySsRq8PeknfCxJ61wEqikoXjByuMOmE:1rklIM:Q4BWE9CF4rc4P7EWU7ux5_OPipaE4zVLV9ShkIbabCY	2024-03-28 16:38:54.619149+03
1nzo3wpqxg0lpet2ueuhsjbdfdtuv6tz	eyJjYXJ0Ijp7fX0:1rl4uw:5tPRqnRBidnVq0OuHr2Z93dvk99AxU5yiz4WIb6uEGE	2024-03-29 13:36:02.372434+03
1fcp1l6q1jo0incbtl7m6lgqcivz8723	eyJjYXJ0Ijp7fX0:1rl4zj:XXyQpXSbxr5zxUWKq4ATVotciucS3FweSLNiV7Iigmw	2024-03-29 13:40:59.985733+03
u99kr5zzsnvgnu3vtj8hh5wcnnrsqzw4	.eJxVjDEOgzAMRe_iuYpsAolh7M4ZkJOYQluBBGFC3L1FYmH9772_Q5QlQ7MfD-hky0O3rbp0Y4IGbAW3MUj86HSS9JbpNZs4T3kZgzkVc9HVtHPS7_NybweDrMO_ZqypDoVwj-iZrbNU-qBlH7wqosNIySsRq8PeknfCxJ61wEqikoXjByuMOmE:1rkwBK:hUaBEIGuushmBeWhAZrObNEd7bUHvPelD0vmONjIoDs	2024-03-29 04:16:22.900952+03
trcmg0psk06pikx8vgwq8mmm8mc60bfp	eyJjYXJ0Ijp7fX0:1rl50O:uR_3d67Qf0ezLNH10Zr__i9OHbHJeNw0mMLOgFQFncw	2024-03-29 13:41:40.657846+03
juvu8mi7sp7jqqxvgqhtm61irlm900j6	eyJjYXJ0Ijp7fX0:1rl51V:zbPh-OplSQrjMuGLbXPmMBcrfDNMLGoCCECn_NfzLa8	2024-03-29 13:42:49.240623+03
u641f152j8414fk099dssrlqu8uvcgs0	eyJjYXJ0Ijp7fX0:1rl537:Z0NwOJ6-cC78AndNECHokLnNU6A1aN4QUBXm3noP0Ns	2024-03-29 13:44:29.367765+03
jmu3cogvean9y6q4dvlmhuh7aoes1ruz	eyJjYXJ0Ijp7fX0:1rl53F:jA2vGawRIDneXpDdRsYt_jI1v7jkHvhzO-6pY1kEnuo	2024-03-29 13:44:37.371426+03
dlyrd8cvtrxq0gfir8ohu804nj7pl6l9	eyJjYXJ0Ijp7fX0:1rqgr7:dWuCIYMy2HKJOfz9IF-xJq8DxJh5F6gKKVxwz9GVz9k	2024-04-14 01:07:17.093364+03
7sauwu1vg9j0q5qiys6c385y1inkb6pm	eyJjYXJ0Ijp7fX0:1rxZlD:Mr-tStj9v92FXWQ1SPAtpTBZLcK8GEI7mjBgPvHrV6I	2024-05-03 00:57:39.471058+03
5lhvt6riw09r08ti272cv6y784seu398	eyJjYXJ0Ijp7fX0:1rqgsC:h5K3XevjWRR3Rcai19Nooh0pSCuAE0VbWpF-U3Cnx5k	2024-04-14 01:08:24.11239+03
2xyyok53d4g3coykyufl826tc84ozu2b	eyJjYXJ0Ijp7fX0:1rtEGK:WFZke0Epn0AKGublLxO19XZanhAolGjMsiUGE-UOILI	2024-04-21 01:11:48.420906+03
adsphm7rhkxna6appmlh19n7pvddk3j0	eyJjYXJ0Ijp7fX0:1rqgsl:JpMKNrZOCR1aY4xihS0XeV1DpLoTHFceXW0HkJ_-TCE	2024-04-14 01:08:59.93236+03
pp12fg7xwowusl65ebq292q7ytf53jvg	eyJjYXJ0Ijp7fX0:1rl53l:1Y4qOoT2io3kJ6uqDJxWA1JernLItOLUMcX_lwXAhOE	2024-03-29 13:45:09.436859+03
n349nht41nyk8my485gfhqfyzlhrr27g	eyJjYXJ0Ijp7fX0:1rqgtD:jn2g4X_iWq1N-l-FEstunWf3vkNQPLkoLZwJq4atCFg	2024-04-14 01:09:27.788359+03
ci7qyvolzooypcs7hwpkhfr89mu9j6nl	eyJjYXJ0Ijp7fX0:1rl53s:z0n54Anio9ri_Ctejzrb_ixJlXagFdwPWq7LrHZlGoQ	2024-03-29 13:45:16.848257+03
je5u4tbg2utx5nyb4whduf4oafx4sf8c	eyJjYXJ0Ijp7fX0:1rl552:klKODRadD6u0vCXrg9Xx2C0OvKobkn5RsMG7he1FTGk	2024-03-29 13:46:28.394941+03
crm637flzu4ivgmc62blrwpmynq9o5gw	eyJjYXJ0Ijp7fX0:1rl55K:qKYY19l7iadK9jRS8XTgSaWjh5IwBTOwtze4Cg0-fx4	2024-03-29 13:46:46.298395+03
2plrt0uo4f2ggiwsy2hiugov29cu5so0	eyJjYXJ0Ijp7fX0:1rqguN:cO9bBLt5zLtxa6pc1rcjWGPYtc5JZ8so5f6V_VMpark	2024-04-14 01:10:39.780863+03
tyu9ap8gppbv6w56auav8c810yhwkvzl	.eJxVjDEOgzAMRe_iuYpsAolh7M4ZkJOYQluBBGFC3L1FYmH9772_Q5QlQ7MfD-hky0O3rbp0Y4IGbAW3MUj86HSS9JbpNZs4T3kZgzkVc9HVtHPS7_NybweDrMO_ZqypDoVwj-iZrbNU-qBlH7wqosNIySsRq8PeknfCxJ61wEqikoXjByuMOmE:1rmBxc:igviQyS954QzmlXD_Hy130KxJaML5jiq1-3h0f9ZArA	2024-04-01 15:19:24.559913+03
e0dpk5hqq2cc0t7k7mr6jmekakng8sj3	eyJjYXJ0Ijp7fX0:1rlCXV:ttXbJguB93Wg_uUzc2AhV2McUPZ84cXxyTVXUDmJpGA	2024-03-29 21:44:21.223768+03
mkg4rh5mot74nhdbs42vmpegc8q7ndsn	eyJjYXJ0Ijp7fX0:1rqguU:GH_RJx9Bgi59r7dRBFwfhVRPZ0ZBVd7tRhm3c3rzccs	2024-04-14 01:10:46.95429+03
w818xb3zvxmsxj9n8awrqw3ntm0v761j	eyJjYXJ0Ijp7fX0:1rlCY5:xfI6a-CCLAWFdBcbX1g3_MC4QWs2mghjJOAs7bkwAFY	2024-03-29 21:44:57.933804+03
9eni1t94204ake9qeh2lwivh4xib98a7	eyJjYXJ0Ijp7fX0:1rlCYG:04S8ekXi7A3vMbQuTsi0TcZGzcHJ9T45c_7oQ3MVriE	2024-03-29 21:45:08.535224+03
jtpxja45fc7xja8lov5pb42x7jx69cn5	eyJjYXJ0Ijp7fX0:1rpyce:EB_YN2hATLPI4FBw9lgN9qUeQiSZPtX8k3aQXv68UDo	2024-04-12 01:53:24.275943+03
e1h5p2bhsttd0f89wwmhwbo25d7it0ln	eyJjYXJ0Ijp7fX0:1rpywr:UowmUKoMmQauvoUfytU4d0SkaBP56Ud9N2vkM4rhtZ0	2024-04-12 02:14:17.128133+03
ctzmxoyun2t41wm955z6zr32wfc0oo9a	eyJjYXJ0Ijp7fX0:1rpyx0:fF_YX_nfH85wLhZqv6e7kWYuDhtX2GvLQEZs9-66YF4	2024-04-12 02:14:26.158849+03
nb57w14wjc3u1ev58uw3io0pp7ri5sbr	eyJjYXJ0Ijp7fX0:1rpyza:QliW7fblcbzunJ71XV1qx5Hf9ZKpCSE9ZHPil3Tx0-Y	2024-04-12 02:17:06.400268+03
jjq2yazqnyx6q9be9yflybamam4qdtfi	eyJjYXJ0Ijp7fX0:1rpz4A:SABOjsLpTLROtxv8zuuHVJdBcBGHkyizs0lly4sCr0I	2024-04-12 02:21:50.253131+03
jmvjl63zxm4mcjbuyinj2mp34il5he1a	eyJjYXJ0Ijp7fX0:1rpzIW:YIWirUXaGitAkHjOoRKjFlfUXkZDS1zx8TCh5rUlstc	2024-04-12 02:36:40.042995+03
5vc6jsvvnkq87dig6lsscig9mkx57dzz	eyJjYXJ0Ijp7fX0:1rpzOZ:pscLuRA-NqWRmNYevBoYNu-aZFi5uYGO4lS2luDLgDM	2024-04-12 02:42:55.157791+03
6fia3z3jwumm6pzyms607nqweh7iiwle	eyJjYXJ0Ijp7fX0:1rpzQD:vOtSxX_NzuGPrwNuriodnA6DSgmYxoxAh3fzYaCEYNI	2024-04-12 02:44:37.35407+03
hko979xq8x9tw1tbr90z3r1yma2t0bf5	eyJjYXJ0Ijp7fX0:1rpzRg:psaZcKa91jpCH5Q5Q93bwRdxqE2F7cwBI0EuKzNMb_M	2024-04-12 02:46:08.992358+03
1fzfu42o21ai9olsopea1nmnis5x3tug	eyJjYXJ0Ijp7fX0:1rpzV9:zX0CQT39MQrlkpDsTB3iImTxZcdKaXFJwVyTUN0eGkw	2024-04-12 02:49:43.11538+03
p7aexnz9k307k243i8tdeuiv0tbds9j3	eyJjYXJ0Ijp7fX0:1rpzWl:0secgYilogl5EDj7mxWmesbDNfaoLYGRY-_0tsmHmlQ	2024-04-12 02:51:23.743405+03
ermhrc7ttlzkqa7u2hyzlnut8cjbb5ac	eyJjYXJ0Ijp7fX0:1rpzbY:sKmjmi9CkRySF0EIq0lZ-rCX5tdXT6OyDD4aXGoPL6I	2024-04-12 02:56:20.855891+03
zp1tgrollky7hgpmsk97cmgdsbwx6145	eyJjYXJ0Ijp7fX0:1rpzdn:mP7QAy1LilSR6CxsSrANHIP-uqs-fqDoSBlP9JlAYqA	2024-04-12 02:58:39.758534+03
2pnjy2bj37m5a9ptblmpoubv8ne4tcod	eyJjYXJ0Ijp7fX0:1rpzfF:o_1R-FCeRMoA6fuxMYzq6FNA2q9ghGBZcjTyGqQEGgY	2024-04-12 03:00:09.575453+03
4kkuf5x77xpkpo3is1xj44yz696fncas	eyJjYXJ0Ijp7fX0:1rpzfK:OKnTFEEC2nqX1FYglZwJpYGKAcE9_zz4OcSdMsbLjOg	2024-04-12 03:00:14.560554+03
ex9qv3j1fmakcs6k9du2cn2ycu3q2yql	eyJjYXJ0Ijp7fX0:1rpzlj:dz42H_ZGNS5P8DPq8tlFbovSV_2hEJ0ounFxpJn75-s	2024-04-12 03:06:51.803577+03
irbzze8r6lc8s5wlala2mze5vsfwxzuc	eyJjYXJ0Ijp7fX0:1rpzpE:8ohZmVMnq6TMM3lUiI607zHZvf4omrKu3XeA1vCE9ao	2024-04-12 03:10:28.842276+03
f613cu30bhdandpvj4siwsgjp6vlvhed	eyJjYXJ0Ijp7fX0:1rpzsM:Ox13KSi7a7MBEXPUY5yRmdOhyzyEmpFTcTTEBeFHkK4	2024-04-12 03:13:42.649941+03
xm0x2760k1i9eghliinmgo8z7cj8aeej	eyJjYXJ0Ijp7fX0:1rpzy2:ORQ-Tl1WHI6WQoXkmxo3lEVkCnPBqR0gF_3z3XHdvrE	2024-04-12 03:19:34.158649+03
g221j4dcufmnn1f6ltzu985lrsou6e13	.eJxVjDEOgzAMRe_iuYpsAolh7M4ZkJOYQluBBGFC3L1FYmH9772_Q5QlQ7MfD-hky0O3rbp0Y4IGbAW3MUj86HSS9JbpNZs4T3kZgzkVc9HVtHPS7_NybweDrMO_ZqypDoVwj-iZrbNU-qBlH7wqosNIySsRq8PeknfCxJ61wEqikoXjByuMOmE:1rqgPM:1wR1f2eDU0O8_48irUmfWkt6HJ-FUbE9p08RwRiOdIQ	2024-04-14 00:38:36.451529+03
06d8awu9jl6csbxdolzgex4z9iuv1ee2	eyJjYXJ0Ijp7fX0:1rqgQQ:AHVi6syvqFw9FpLKXCmqamAzhh9TrGzwR0_6QOcjYZo	2024-04-14 00:39:42.785734+03
6m72xzzpbpk4h0xdx2qwxhh648lqaxph	eyJjYXJ0Ijp7fX0:1rqgU5:VUdh7LeOc6T0h55OKkQesrSJzuip1DLeZhbZxjTXE7g	2024-04-14 00:43:29.846187+03
1dliyc18nwddykxgigy1xzmj0qvvdkae	eyJjYXJ0Ijp7fX0:1rq0Jn:1wyLIpeJv__ZjFCNkOrVr86xYQcLBRbJNne8oxRQz7U	2024-04-12 03:42:03.158699+03
ndx0490vrf3nd5mw1pso7kqi1knqyr3k	eyJjYXJ0Ijp7fX0:1rqgXZ:_rUBzCzh-W9jUeS9Ow1pUba1jVjKOF27ukXpXrkQOMw	2024-04-14 00:47:05.830548+03
sqdc35k4zntqrtk1tasdmdiw8hbm2c4t	eyJjYXJ0Ijp7IjIiOnsicXVhbnRpdHkiOjEsInByaWNlIjoiMTIzNS4wMCJ9fX0:1rqfOm:lqNjqbXUHIJ70-PcyNF1SUyxd2aHm6XLmsT-gvBnmlo	2024-04-13 23:33:56.359473+03
1ewwd45wb75ybwa3bfhi0q8og4it74qo	eyJjYXJ0Ijp7fX0:1rqfzC:Fr0EbJnIyXHa3bVHrjJz0zFl5ZahtvLeExeH037jNqA	2024-04-14 00:11:34.429271+03
pmrbs467tg5r9fvm6bzc72ojy5rzhe7n	eyJjYXJ0Ijp7fX0:1rqg10:T7BFFeRsZtGpULVEdytkiOSYSZfKPBEjbuzLNrkTrCo	2024-04-14 00:13:26.472901+03
lxfftfgs1s0cbtg1dpdrzq2y328y670o	.eJxVjDEOgzAMRe_iuYpsAolh7M4ZkJOYQluBBGFC3L1FYmH9772_Q5QlQ7MfD-hky0O3rbp0Y4IGbAW3MUj86HSS9JbpNZs4T3kZgzkVc9HVtHPS7_NybweDrMO_ZqypDoVwj-iZrbNU-qBlH7wqosNIySsRq8PeknfCxJ61wEqikoXjByuMOmE:1rlp05:ug11Kf3nHW_eIoEjV48qcLVRxPm9SgcSWmI0n4T50is	2024-03-31 14:48:25.18626+03
73halk1jer5o5lgwe09729dypirkynoc	eyJjYXJ0Ijp7fX0:1rqgeB:1SCRx2p10wv2tqU1TAowj228jULmTHf3-9YTDCukVyo	2024-04-14 00:53:55.828477+03
6jcta55l0fth1hkqg6b0x6xy65n2yyga	eyJjYXJ0Ijp7fX0:1rqglw:VNTrr46Wj3vLTckizIlo_x7Qpk1H7Xf4Bml3xKH1aTs	2024-04-14 01:01:56.801854+03
p094xb56sge29bsigkmh4tguxatltaw7	eyJjYXJ0Ijp7fX0:1rqgmk:z67PPl4NnYyLsmewJK2nxFZqkylzTfJYh1HfP0ICpCI	2024-04-14 01:02:46.211144+03
1ttbmwrtznspyvfpdurfcr897557nmst	eyJjYXJ0Ijp7fX0:1rqgp1:-XMss--4n7-UEkTgB8NpG_gTg5HbaVVKHXX85I609do	2024-04-14 01:05:07.271102+03
qv82bttypo17srmokf9pw7v6g3vox6lx	eyJjYXJ0Ijp7IjciOnsicXVhbnRpdHkiOjEsInByaWNlIjoiMzQ5LjAwIn19fQ:1rtGYI:zOYpkafiLDUuB4J4t1TLcJAf-DR0sU8DEz4nj3J1dRI	2024-04-21 03:38:30.169233+03
nyjhwbiyy7rk9lsaap88mu5q2x12bv62	eyJjYXJ0Ijp7fX0:1rqgxR:5tABraKjYw3d1BnLlMG0xEr0uRgmaRlIanJdD13WP9I	2024-04-14 01:13:49.026329+03
zkhfw1qjrz82b5xrbficm421vo2kzg9y	eyJjYXJ0Ijp7fX0:1rsZ9i:iP0KZMkZt9XjJND7XiWB6Hgrn_7m3VdozTKnsxfj6xI	2024-04-19 05:18:14.912938+03
cwrefchjlrxhq4nkr09uqxlyrzxsbb4p	eyJjYXJ0Ijp7fX0:1rsb8t:L4Pq1pkOP_pqYHeytDmNIVSd7J2KQ9l07OWSjCpxEwg	2024-04-19 07:25:31.77869+03
difw9zmj8i92zvcc14f4co8tbpzqef1a	eyJjYXJ0Ijp7IjUiOnsicXVhbnRpdHkiOjEsInByaWNlIjoiNDkwMC4wMCJ9fX0:1rrh6Z:XQ-vjg4Mozzp1_q9_8V0Ibw7mzhwR8fo-oJ7mzbOqmI	2024-04-16 19:35:23.117225+03
fveq94x7bazszcqtc5juzdx0yv00knrb	eyJjYXJ0Ijp7fX0:1rsZBV:17f_AesPox5dyLSec_b5PApPPkXZBiSvOdEM79gQ4_E	2024-04-19 05:20:05.320549+03
79dn380g4s5hu9gx2p1ozu0dae6bl3h5	eyJjYXJ0Ijp7fX0:1rqh2Y:4pI7MzF5-5XrjhT6TvC5qVpBdfEOjm5FIS54WShFueU	2024-04-14 01:19:06.360233+03
pm8ytqddyw67na1ae4khs26lfl2y1blk	eyJjYXJ0Ijp7fX0:1s6EuE:k63Rqx3O0eZF7bu0xLcjrDXuRT1O9xO-ys0_JKji_V0	2024-05-26 22:30:46.226926+03
ukodawu24by6ef67bet5pshdewgz27vo	eyJjYXJ0Ijp7fX0:1rqh32:7mvVuKA5Qgs2528iCc0Citti_5p5KS9L92JRaKa3x4o	2024-04-14 01:19:36.994203+03
8fu35z4c0nmxb12mww7tx5qhmfim1vjm	.eJxVjDEOgzAMRe_iuYpsAolh7M4ZkJOYQluBBGFC3L1FYmH9772_Q5QlQ7MfD-hky0O3rbp0Y4IGbAW3MUj86HSS9JbpNZs4T3kZgzkVc9HVtHPS7_NybweDrMO_ZqypDoVwj-iZrbNU-qBlH7wqosNIySsRq8PeknfCxJ61wEqikoXjByuMOmE:1rsdxO:P49xeGvioZKaONqQpcmI-78qFQuz4lc9cuxktK0EMA0	2024-04-19 10:25:50.206175+03
7xmi444q0blsds1gnjmf3g9fvy6ulqt5	eyJjYXJ0Ijp7fX0:1rsZYH:DfUzvvBG4PKK6v3XEaPIWBahlMNIgmT4DyEm2yFvn7c	2024-04-19 05:43:37.288875+03
sqq6wave7xng1iglpgqdhxzb5xais57p	eyJjYXJ0Ijp7fX0:1rsbeV:UvMQNxLikIHpWa0G-nHmOYVfTW_-MXLJCCt2pF3LMHY	2024-04-19 07:58:11.091231+03
g3cxritpwe7urip74y804dcxzlpzj9kq	.eJxVjDEOgzAMRe_iuYpsAolh7M4ZkJOYQluBBGFC3L1FYmH9772_Q5QlQ7MfD-hky0O3rbp0Y4IGbAW3MUj86HSS9JbpNZs4T3kZgzkVc9HVtHPS7_NybweDrMO_ZqypDoVwj-iZrbNU-qBlH7wqosNIySsRq8PeknfCxJ61wEqikoXjByuMOmE:1rqhRw:rx26l9aP6neen2T5jcPFMzACnKpkbb0cp3HKJRXCrKQ	2024-04-14 01:45:20.598384+03
y8hb4pbwgpx5d5fsw7838s1gl2jz5dfq	eyJjYXJ0Ijp7fX0:1rsc5H:B1QyIkKMd818oRT-AbLiRSGsF0wIh4_a8sGoqthbFWo	2024-04-19 08:25:51.959072+03
w367bacu6pgpnxa7wwxl4d1cssod8lgw	eyJjYXJ0Ijp7fX0:1rsZcB:AUGY0h6YYlq67glLkPHHDLJ7IGcSWyoiBp-3amvw2y8	2024-04-19 05:47:39.42968+03
610es3a3e2y1oswcxct6daqxwndqb6it	eyJjYXJ0Ijp7fX0:1rrfyu:rZQuSCBZGE_VNEBKK43gaS2T1aMauAyyeXr0HM1tbqo	2024-04-16 18:23:24.494763+03
wtt0cnmai4htb8er6qz4p8kimsnaasu9	eyJjYXJ0Ijp7fX0:1rsZe6:YQ45JfiHq8ml5QF6fozybsC74pQlY_Nrq3isfQUNrQM	2024-04-19 05:49:38.04861+03
lkehwzcgbqd1aie31pjjmbk0djnvrtxk	eyJjYXJ0Ijp7fX0:1rsZfo:D-h-or3P3ApB6vsnpIeg-cfNQcldq-vxgYpCOr66Cbo	2024-04-19 05:51:24.341053+03
o2ylipl792qqi0zaj7tk88e616fw2k1a	eyJjYXJ0Ijp7fX0:1rrhaj:LWDaPk-wODu24YDtwV17YjM0gl1sXwuFztjUtbZPEvM	2024-04-16 20:06:33.506723+03
6pfj0f2pidlcc24z3ra31xalxdfq1my2	eyJjYXJ0Ijp7fX0:1rsZix:z7j2a847Sq63szSOwNHg4y9HrxJ99OQ1_J2mVDXF8w4	2024-04-19 05:54:39.26018+03
zbw88xokpqelthgc7sf4zytbqb4wx79c	eyJjYXJ0Ijp7fX0:1rsZk6:N0B-Jy9Oo2Uo1BfVEv8Kt-Y6M0jvpRNBIHME2ohGkns	2024-04-19 05:55:50.605746+03
8lh3cojy6jt5aev8y5voiy52hpah0ekh	eyJjYXJ0Ijp7fX0:1rs3wZ:Wm7GNm7nSwd2Mcw5v7X1kdUYWoVubdGkyLoLfReo068	2024-04-17 19:58:35.217257+03
xk48meyka564sv840hum8cnrax6942tb	eyJjYXJ0Ijp7fX0:1rsZlM:4YYTZtSlb2xHr6_0tWqsy2AbX9tFJ-MG89x3ZptjSU8	2024-04-19 05:57:08.40266+03
zud6qxyx2d5ac4oqppcsmud4qwh154oy	eyJjYXJ0Ijp7fX0:1rs7A4:Xm_5HpRpe3CnNESOS90kvevHc8ZgQ45BBOU46b9M8vE	2024-04-17 23:24:44.446161+03
02xpddk98m2svjdl3n69cfb53hy91on5	eyJjYXJ0Ijp7fX0:1rs8xe:xNizQ-nRRiMeQIYvIbPES85fgtGyNyizk8hSt7lwT_E	2024-04-18 01:20:02.056789+03
uyj6ur501pe4lnn35oli38qrjfimkpjk	eyJjYXJ0Ijp7fX0:1rs8xm:sD4EsDEgDJA-wekhILLCM5TLwk_V4iV9P1-j7apg8jo	2024-04-18 01:20:10.77335+03
nz0sz6ocksia5g83brpwfqmdvmpoygqx	eyJjYXJ0Ijp7fX0:1rs8ye:oNEoqKN9Mu1Ud7VTwTb0VwJfwCsBNzD_IHyticBmGCU	2024-04-18 01:21:04.084648+03
e7pm4nsn1qf2izjiq0mkwtap09u48iod	eyJjYXJ0Ijp7fX0:1rscYL:rQcIpIUBb_fgQI7uAZIJv9ASvoTpDOpiciX0SzmFE-s	2024-04-19 08:55:53.083202+03
prbs2vg45qx2j623l48605l4hbm0mb00	eyJjYXJ0Ijp7fX0:1rscad:uh3Oz4H8FmkGZitd3lLoWTsEoHiyYEDvFKzbF-CqIlg	2024-04-19 08:58:15.310847+03
4937m61nn8f98ju7nb7khjx17c62pynz	eyJjYXJ0Ijp7fX0:1rsaBR:V2Xn9UO6jxcv4CRrcxci5hj7jdCojz4WtQaDQrfaNyg	2024-04-19 06:24:05.003928+03
tdoublqj09qopdv77opa4qf0nr3tsuhx	eyJjYXJ0Ijp7fX0:1rscnQ:tizHDLEqhI-Ontgfw8eu4n3p2zMRpXreZHxNRvSmDzw	2024-04-19 09:11:28.115182+03
5stiq36fgfm5pl5pxgz1y61ouz1o70r5	eyJjYXJ0Ijp7fX0:1rsco1:aArgpkrOC3TaQesWLUidKkkwtsZ7U-cRwJ5HVFpDMyQ	2024-04-19 09:12:05.224716+03
46je28fu7vurz8xp5pk87kodk43tusf2	eyJjYXJ0Ijp7fX0:1rs96h:l8nf20mvQMc6t1d6Fo2KVMn6bnwLQlLGDjhZ2Q_oO8U	2024-04-18 01:29:23.575947+03
wznksrd14ni3c6wzbu6rbgj3v5h0ed5w	eyJjYXJ0Ijp7fX0:1rscrz:lCEV9CSdUribQGFelJJz5nMFY7lPiezuJKjhVmM7z3k	2024-04-19 09:16:11.12256+03
jmm7rrnx4fjzb2me3tqurbjhtwhmi2k7	eyJjYXJ0Ijp7fX0:1rs97W:TE4f0ytxC6hm4E_KPKuVdSQIc7HIrvgQEQl4oYpMif4	2024-04-18 01:30:14.069047+03
u6jf7uq4y1zpohxlqeu5lsaxa7cr1wsz	eyJjYXJ0Ijp7fX0:1rsct2:Kr6eP_n_rMVunB3e2qyJbTLJW2xHetRH2sI2rBn42r8	2024-04-19 09:17:16.834772+03
kz2w1b3lp5k4xktbogdzhbm7ca64hd5q	eyJjYXJ0Ijp7fX0:1rsctY:XLVbT3oWDhP21Nzyw1Fxq1cVNhS0mGDnIyT5Z45RBEw	2024-04-19 09:17:48.641453+03
c4oxp5hqsz1a4rwed7doqx3550nw5v4l	eyJjYXJ0Ijp7fX0:1rs9Cz:ZC1cquWEjFaaWwjhpiwltDJr2ZSs7hZJzjqfk2TAMUY	2024-04-18 01:35:53.518388+03
2qm01kn6muu26kg1p7vwych0krc4dcup	eyJjYXJ0Ijp7fX0:1rsaT8:l-iQJ6rCN5YU0QwgdgSUSKHKy77M21V-Ywz237-1MUI	2024-04-19 06:42:22.921521+03
b1qr0rdqr9z602ok4zjgl73eznop1sgr	eyJjYXJ0Ijp7fX0:1rs9DS:BzkBBA8Fa8GsuqsIn2drZsnQDwExHWu0PMG-x3UeXW0	2024-04-18 01:36:22.852128+03
o0lp40fh1oa69n5u7h0yxw2237agzv6i	eyJjYXJ0Ijp7fX0:1rsaTp:ZvMZ9_vePIAEay-zuViRiTtw2a2aaNG6ttaqELQoQoM	2024-04-19 06:43:05.311488+03
pb07pr27duetieavfb5a6pf49m2muq35	eyJjYXJ0Ijp7IjEiOnsicXVhbnRpdHkiOjEsInByaWNlIjoiMTIzMjQuMDAifX19:1rsd2G:I6yMV627ceUoDABzqH7v92TFccdqx1TaYuaVg7Mrvh0	2024-04-19 09:26:48.902826+03
40q2dgnseaneavx0o76iiaouwf6w0g5f	eyJjYXJ0Ijp7IjIiOnsicXVhbnRpdHkiOjEsInByaWNlIjoiMTIzNS4wMCJ9fX0:1rsaYx:_-TPqNC1aj2XVwotck2iy8hXIg_AT41S7DEfUKN9HnE	2024-04-19 06:48:23.428438+03
3j3wdn753l7gco7gqcjtd7g4e7rhicve	eyJjYXJ0Ijp7fX0:1rsdEJ:ekiCt30WQ8Zk436b-C5-KiNNV9T4pptvY3TAEiEPNOU	2024-04-19 09:39:15.832108+03
hv0ui40u0w4thjdlk8ajgv1r83ssdo7m	.eJx1zj1uwzAMBeC7cA4EUj-W5DF7zmBIMl27DezElociyN0bA0IDDVk48H184ANSWDO0D5DHuO9hzlP-hdac4LZOiaEFksoIRHiewNZIv5HSvhiqjayKpC7K14reSkqFWJT-qIj-kfmItC_opbqw57HbN167qT8eNlAtY0g_PB9J_x3mr0WkZc7rFMVBREk3cVl6vp6LrQrGsI2va4eefJTBDYjWOdUo0jayHqJlRmwwUW-ZyHGDgyLbBEfOOpZoQmJS8PwDWKh4oA:1rsefb:5ovKacqOjZdSClU-vjpVjV6kBVqVX82YcYQaV4gt41g	2024-04-19 11:11:31.919419+03
900wv555974173rressyefwbvkgjomt4	eyJjYXJ0Ijp7IjciOnsicXVhbnRpdHkiOjEsInByaWNlIjoiMzQ5LjAwIn19fQ:1rsafL:iZ9NRSZlF5yCX6MAW91A4y3us6h4G8yQFvXZ3Z4q3qg	2024-04-19 06:54:59.357421+03
ewphdzq3batzhd0p9by72wpm91pv73c2	.eJxVjDEOgzAMRe_iuYpsAolh7M4ZkJOYQluBBGFC3L1FYmH9772_Q5QlQ7MfD-hky0O3rbp0Y4IGbAW3MUj86HSS9JbpNZs4T3kZgzkVc9HVtHPS7_NybweDrMO_ZqypDoVwj-iZrbNU-qBlH7wqosNIySsRq8PeknfCxJ61wEqikoXjByuMOmE:1rsdFM:mUL6Jxscp8RpSdtWQJkfCdOKTljclHAPed-HB3llUBc	2024-04-19 09:40:20.658303+03
x9zbfj2m39fdqzbum58wl6gdhl1yccr0	eyJjYXJ0Ijp7IjciOnsicXVhbnRpdHkiOjEsInByaWNlIjoiMzQ5LjAwIn19fQ:1rsexr:Ix774hdp-PPyQ2ywysM3Sg4DmChutMJZGPvOoRIxDyE	2024-04-19 11:30:23.528949+03
tt10whgu52wyuzdqq08ck7jtxo87ag15	.eJyrVkpOLCpRsqpWMgIRhaWJeSWZJZVKVkY6SgVFmcmpSlZKhkbGpnoGBkq1OkrmqIoMEYqMTSzBamprARnlGIA:1rseja:wL9wBZErat4LE8ftnZ0whQbdwBHZbksAT6cgDzwbEe4	2024-04-19 11:15:38.904669+03
1w5f3rq1c0pfda50kq0kc20im1dfixw1	eyJjYXJ0Ijp7fX0:1rsfSX:hitWITd46GRmQXlJ3B-DK7ko_V40hrBQptNG091egcA	2024-04-19 12:02:05.92325+03
pdp6hu40kg70uktld3l6ujzlnsyb4rja	eyJjYXJ0Ijp7fX0:1s0LJw:jyG209dghO6hGFInto9_GD9HR8o1UlbFHhyeYevCeLM	2024-05-10 16:08:56.934137+03
2vkglze9p9k9tk4r77whww6th59tsbiw	eyJjYXJ0Ijp7fX0:1rsfhj:Gxf1lKgOLKi9mNqwKAT76XF-K290xN18RdLyYCXyg3M	2024-04-19 12:17:47.244639+03
ijjr2x0a888kwznyog2yasiyreyyjz1r	eyJjYXJ0Ijp7fX0:1s1MD4:K1cpA_mcIalumLLoAQEwHkYXMQuQELuXi0dNJ-EdwWs	2024-05-13 11:18:02.186534+03
yxup5mese6rbk8dprljqtgrzv6hnwy5t	.eJx1zDEOgzAMBdC7eEaRnQAJjN17BuQEU2graCEMFeLuhYqFoYsH__f_AoHHCOUCej_vmfvYxQ-UlMBr7IJACaRNphBhTcD-RSYtDlP8NVobxJ_aWMVzbKt5krHq6n0gg9PTc3hIvyf1nfvboMLQx7HzaifqSCd1HWp5Xg57Gmh5are2w4IKr9k1iNY5kxtKrZe08VYEMcdAtRUiJzk2hmzOjpx1ojHjIGRg_QJHlFlW:1rtJU5:vbieQpxudoESIcJ9ivgKFnLYNdK2A9_fqgtsFQdq3No	2024-04-21 06:46:21.307697+03
8ruliix7igegjj2n8h3ike8llbxpc5q3	.eJxVjDEOgzAMRe_iuYpsAolh7M4ZkJOYQluBBGFC3L1FYmH9772_Q5QlQ7MfD-hky0O3rbp0Y4IGbAW3MUj86HSS9JbpNZs4T3kZgzkVc9HVtHPS7_NybweDrMO_ZqypDoVwj-iZrbNU-qBlH7wqosNIySsRq8PeknfCxJ61wEqikoXjByuMOmE:1rtEwe:0-CMBkAdcUhrQcXT6h3z8sNwHe3HeAGZIwNOrga_fnI	2024-04-21 01:55:32.531308+03
ey5jjfy3akyom402ieushx5wwxkpwvh4	eyJjYXJ0Ijp7fX0:1rxZSQ:fQmyxOYyYVs51yDYt9KaX6jk0kA5HttWRn9UFC5Qt6I	2024-05-03 00:38:14.798916+03
t3a6zdmach1qq2v0sjdltvpefd809dbq	.eJxVjDEOgzAQBP9yNbLuYrANZfq8AZ3tI5BEkIApIsTfE0s0NFvszO4GgecEzQY2x2flMQ3pCw0V8J6HINCALmuFCPteQMtr6tt1kbkdYkYVnErP4SljJvHB431SYRrTPHiVFXXQRd2mKK_r4Z4Oel76_9phTbW_sOsQrXPaaCqtl7LzVgTRYKBohciJwU6TNezIWScXrDgIadh_HzNEaw:1rtJcR:f_l9iPWJxMGr3yhO-mW829uOg-3DtzDOQrQrHnFG7D8	2024-04-21 06:54:59.669829+03
b2fvh4ziodzq3z07ge7iyvq7vbknd97m	.eJxVjDEOgzAMRe_iuYpsAolh7M4ZkJOYQluBBGFC3L1FYmH9772_Q5QlQ7MfD-hky0O3rbp0Y4IGbAW3MUj86HSS9JbpNZs4T3kZgzkVc9HVtHPS7_NybweDrMO_ZqypDoVwj-iZrbNU-qBlH7wqosNIySsRq8PeknfCxJ61wEqikoXjByuMOmE:1rtVd4:-NnsY0_-5bGdyAALcxiV84EgVQt1ohOGOJ1rRoeSkd0	2024-04-21 19:44:26.483727+03
81v32ac168a8j6e729o11xaphllgo0ci	eyJjYXJ0Ijp7fX0:1rtVej:JleSvD99SJV6p_2gaN5umg3rwwFMT_23I2KJTFLBsCI	2024-04-21 19:46:09.390822+03
nter30uynugezusmhn3n734i515ftkde	eyJjYXJ0Ijp7fX0:1rtVtm:94TgJgoU3v9AuY7xvI7m41u9aE38Ztt4z9yaNp0o4xU	2024-04-21 20:01:42.84089+03
iao3f03q07j70zgshawadrnq8r3ar9ny	.eJxVjDEOgzAMRe_iuYpsAolh7M4ZkJOYQluBBGFC3L1FYmH9772_Q5QlQ7MfD-hky0O3rbp0Y4IGbAW3MUj86HSS9JbpNZs4T3kZgzkVc9HVtHPS7_NybweDrMO_ZqypDoVwj-iZrbNU-qBlH7wqosNIySsRq8PeknfCxJ61wEqikoXjByuMOmE:1rv233:s7jcw2agXNNrTRPN9xOQDaDtKQv26pgWJjbW3SY1TVw	2024-04-26 00:33:33.384961+03
8ksgnzm5ovscw7szzp45jwf3nc27xh34	eyJjYXJ0Ijp7fX0:1rxZkG:U3PfjAT09304AfnMEl7LD1E75z496Jmlae9pCZEi3ZM	2024-05-03 00:56:40.182906+03
pz1x3f606pt47mj6qviqtj6gcie0f3ah	eyJjYXJ0Ijp7IjciOnsicXVhbnRpdHkiOjEsInByaWNlIjoiMzQ5LjAwIn19fQ:1rtEA2:_8dHGTby3XJUfXae3hBchgGX-cj4kmfZHRFQ2ZCVOM0	2024-04-21 01:05:18.568942+03
uwhe4afas3xo4s2z9wyla2bnisd2k273	eyJjYXJ0Ijp7fX0:1rxZpJ:NQE8wFhL-VQBfSi5QWH5G2rKsw_HKRj5Sn-JyAC-yeo	2024-05-03 01:01:53.098718+03
b34ardb8rgcgg64o7zoa2lnb9t3o8vjq	.eJx1zDEOgzAMQNG7eEaRTQIJjN17BuQEU2graCEMFeLuhYqFoYsH_2cvEHiMUC5A-3jP3McufqCkBF5jFwRKoFSnRiHCmoD9q7QpfmZDFc-xreZJxqqr95TBaek5PKTfS33n_jaoMPRx7LzaiTrqpK5DLc_LYU8PWp7a7dphQYVP2TWI1jmdazLWi2m8FUHMMVBthchJjo0mm7MjZ52kmHEQ0rB-AQMBTvc:1rtF6c:Qup8SQxYyP1JtAa9sutbYYJ4tMIfX7hUk88Akra1lhc	2024-04-21 02:05:50.370672+03
sj2rf9ywfixa2xtdjsveglqf9orgrwlh	.eJxVjDEOgzAQBP9yNbLuMGBDmT5vQGdzBJLIJMYUEeLvAYmGZoud2V3Bc0zQrJAf8V04pDH9oKEMPnH0Ag1QrkuFCNuWQctLGtplltiO3c50CZfSsX9JOEj35PCYlJ9CiqNTh6JOOqv71Mn7drqXg4HnYV9brKl2Odse0VirK02FcVL0zoggVuipM0JkpcJek6nYkjVWcizZC2nY_kUgRJE:1rtHyL:sVdlugQ05KopM25P8yJzSXMsgrqT1UQaf3GJRIVKULI	2024-04-21 05:09:29.713533+03
pnxcgtzc1gdach3invetwhdh88t92v3x	.eJxVjDEOgzAMRe_iuYpsAolh7M4ZkJOYQluBBGFC3L1FYmH9772_Q5QlQ7MfD-hky0O3rbp0Y4IGbAW3MUj86HSS9JbpNZs4T3kZgzkVc9HVtHPS7_NybweDrMO_ZqypDoVwj-iZrbNU-qBlH7wqosNIySsRq8PeknfCxJ61wEqikoXjByuMOmE:1rv2Lh:8RGNaqUTOtXxNErT1QHmltS6_THu6AF2gOIcDf7fwcw	2024-04-26 00:52:49.265411+03
qytnngp8j5i8j8i2tss7h84nrod0xjn6	eyJjYXJ0Ijp7fX0:1rxaHg:YSq7Up5n_tw6RgMuTP5X7PUeGbCQcYQUppplDt20tSY	2024-05-03 01:31:12.666152+03
7jztum3vxsyv30y4fqrdvqotsow4yyri	eyJjYXJ0Ijp7fX0:1rxo3L:dCJ2IKqyOfBFraEDK20lSOVvZcPmEbbblIPakJtLb-Y	2024-05-03 16:13:19.045497+03
4jcq2nmpnlxtobonvmcfjdctum5kf0uw	.eJxVjDEOgzAMRe_iuYpsAolh7M4ZkJOYQluBBGFC3L1FYmH9772_Q5QlQ7MfD-hky0O3rbp0Y4IGbAW3MUj86HSS9JbpNZs4T3kZgzkVc9HVtHPS7_NybweDrMO_ZqypDoVwj-iZrbNU-qBlH7wqosNIySsRq8PeknfCxJ61wEqikoXjByuMOmE:1rwMvP:-xYGoLNqgvty7JLz2znYZnP1NHdrSGZKIu6Lr2agtsg	2024-04-29 17:03:11.061001+03
aoq9b0y4mtyzjlrbnwq2h9lxijq53a25	.eJyrVkpOLCpRsqpWMgcRhaWJeSWZJZVKVoY6SgVFmcmpSlZKxiaWegYGSrU6SkY41RgaGZuCFdXWAgAeiRh_:1rvK21:17howtPFkfnk6oYPzVQbBpshEFI_UaF6TnQrKpFcuUo	2024-04-26 19:45:41.579642+03
69qbq9ycc5fxbe3iy80g9zwzewgejv6z	eyJjYXJ0Ijp7fX0:1s0M9y:LB3ViqpnPb26xqXrmnw6z-46DNEbgekLEI05mnVffek	2024-05-10 17:02:42.417299+03
38eysqqfi3xsdacvu47ympu8qvuvov28	.eJxVjDEOgzAMRe_iuYpsAolh7M4ZkJOYQluBBGFC3L1FYmH9772_Q5QlQ7MfD-hky0O3rbp0Y4IGbAW3MUj86HSS9JbpNZs4T3kZgzkVc9HVtHPS7_NybweDrMO_ZqypDoVwj-iZrbNU-qBlH7wqosNIySsRq8PeknfCxJ61wEqikoXjByuMOmE:1rtW5W:OFRB3d2QtrYi2l4QFC3R8hwZDvGQwSSdLN4uVxrgljY	2024-04-21 20:13:50.940672+03
09s431usl8rvhevhyyhs273alxz3qnlw	eyJjYXJ0Ijp7fX0:1rtsSO:tHwkUZD5gyVpMgZmfWd7OMEwx-073Nuxaan_dS8QSW0	2024-04-22 20:06:56.591887+03
jthx4rxtaoss4kpvc3mj9ldpc3wgekb2	eyJjYXJ0Ijp7fX0:1rxo9A:OPjbPR7M2ZQJnXP4PUskRnm6n_BOy6_kwcscRvAA6y4	2024-05-03 16:19:20.779358+03
t1mmnr0kcc2itn4oiwytapzhtdmuak2s	.eJxVjDEOgzAMRe_iuYpsAolh7M4ZkJOYQluBBGFC3L1FYmH9772_Q5QlQ7MfD-hky0O3rbp0Y4IGbAW3MUj86HSS9JbpNZs4T3kZgzkVc9HVtHPS7_NybweDrMO_ZqypDoVwj-iZrbNU-qBlH7wqosNIySsRq8PeknfCxJ61wEqikoXjByuMOmE:1rtsXU:fyKF2jgDwZzi5E6BRX97Sk0N_8g8GMA9rDUtDENGK64	2024-04-22 20:12:12.800166+03
v7o242robe1w6eap3rbduzebpdxoodl1	.eJx9zDEOgzAMQNG7eEaRnQAJjN17BuQEU2graCEMFeLuhYqFpYsH_2cvEHiMUC5A-3jP3McufqCkBF5jFwRKIG10qhBhTUD_U9kPbariObbVPMlYdfXWTAanpefwkH4v9Z3726DC0Mex82on6qiTug61PC-HPT1oeWq3a4cFFV6zaxCtcyY3lFovaeOtCGKOgWorRE5ybAzZnB0560RjxkHIwPoFM3pPHQ:1ruFLq:zDDzNUtNi6HCD5TGZ6Hx0nERvDkgZqnYwS1-OV71Mfw	2024-04-23 20:33:42.432805+03
23zvzolks38vdgcyftgkpoyq1s6fotiz	eyJjYXJ0Ijp7fX0:1ruFVy:bwfsvZBXGA4b3WAOkFvihQlmM9JAe1IhiAjVAhH5p90	2024-04-23 20:44:10.324462+03
sherzys3lr0uxqoen22s44z42i3s93co	.eJxVjDEOgzAMRe_iuYpsAolh7M4ZkJOYQluBBGFC3L1FYmH9772_Q5QlQ7MfD-hky0O3rbp0Y4IGbAW3MUj86HSS9JbpNZs4T3kZgzkVc9HVtHPS7_NybweDrMO_ZqypDoVwj-iZrbNU-qBlH7wqosNIySsRq8PeknfCxJ61wEqikoXjByuMOmE:1ruYNW:tjZtL5JBCZ1KUAmC3ANm4vDtR50SbTfuJyyQjqwfd10	2024-04-24 16:52:42.95761+03
nhtnu4gggoc1bivr8z510jws4oiujbls	.eJxVjDEOgzAQBP9yNbLuMGBDmT5vQGdzBJLIJMYUEeLvAYmGZoud2V3Bc0zQrJAf8V04pDH9oKEMPnH0Ag1QrkuFCNuWQctLGtplltiO3c50CZfSsX9JOEj35PCYlJ9CiqNTh6JOOqv71Mn7drqXg4HnYV9brKl2Odse0VirK02FcVL0zoggVuipM0JkpcJek6nYkjVWcizZC2nY_kUgRJE:1ruYkU:7la0jRMvHksZsRd1GlRyODvW3DfXyd2BOV-vLIX18fc	2024-04-24 17:16:26.195424+03
l2njd44co7elpneos2l68hcm3mvrhvxd	.eJxVjDEOgzAQBP9yNbLuYrANZfq8AZ3tI5BEkIApIsTfE0s0NFvszO4GgecEzQY2x2flMQ3pCw0V8J6HINCALmuFCPteQMtr6tt1kbkdYkYVnErP4SljJvHB431SYRrTPHiVFXXQRd2mKK_r4Z4Oel76_9phTbW_sOsQrXPaaCqtl7LzVgTRYKBohciJwU6TNezIWScXrDgIadh_HzNEaw:1ruyWf:UTGWZ7UmzICfD_YkS515XeV1ie9BtePdwcNzWHGhdVY	2024-04-25 20:47:53.392666+03
gv81pqpigmu30qrot5rs6wrfoiosikgx	eyJjYXJ0Ijp7IjciOnsicXVhbnRpdHkiOjEsInByaWNlIjoiMzQ5LjAwIn19fQ:1rsezZ:oZ34uFBrs7bZPsJWiMP4DaYmnXnOjc7ojCCWeQyIZ5s	2024-04-19 11:32:09.083493+03
w3l8mptvjoksoopyg3zy2081oj4s4mfw	eyJjYXJ0Ijp7fX0:1s4F8t:g342Ud-VffNF3sIJhH_WWkAvzxt6PGqToUdZ1ut5gbQ	2024-05-21 10:21:39.805434+03
bpsrbph7qyjd6yunexwzgud1dm6izz7w	.eJxVjDEOgzAMRe_iuYpsAolh7M4ZkJOYQluBBGFC3L1FYmH9772_Q5QlQ7MfD-hky0O3rbp0Y4IGbAW3MUj86HSS9JbpNZs4T3kZgzkVc9HVtHPS7_NybweDrMO_ZqypDoVwj-iZrbNU-qBlH7wqosNIySsRq8PeknfCxJ61wEqikoXjByuMOmE:1rsfQ0:7TqHAcQ2awngmRT9cJZDLqmNpnV8W8ccSwn9_zgvSBU	2024-04-19 11:59:28.950033+03
it1i5l562v6k3he30qdu2fch8nr6fazy	eyJjYXJ0Ijp7fX0:1rsfSc:dUf4utX3dJdL-xlx-RD4Gg1zZfRGEMTunSzN1XPmhfI	2024-04-19 12:02:10.768083+03
0hnhl6k183r0njohlsu5p294395z4sxf	.eJxVjDEOgzAQBP9yNbLuYrANZfq8AZ3tI5BEkIApIsTfE0s0NFvszO4GgecEzQY2x2flMQ3pCw0V8J6HINCALmuFCPteQMtr6tt1kbkdYkYVnErP4SljJvHB431SYRrTPHiVFXXQRd2mKK_r4Z4Oel76_9phTbW_sOsQrXPaaCqtl7LzVgTRYKBohciJwU6TNezIWScXrDgIadh_HzNEaw:1rtGLY:rfheLaggIt7cfkIQMiKvljPaBfigZJaTDc2PrgLYz30	2024-04-21 03:25:20.79789+03
5eaaqq62y0ggdvs9zmhqn66divo3g0re	eyJjYXJ0Ijp7fX0:1s1zlb:nqvUJPOIPqvWKxGixP1W2r09LxvVbvjye_oA0ddBNKQ	2024-05-15 05:32:19.68357+03
d8pmvcu2jl6e3n7a9xvc81qb5513g70b	.eJxVjDEOgzAQBP9yNbLuMGBDmT5vQGdzBJLIJMYUEeLvAYmGZoud2V3Bc0zQrJAf8V04pDH9oKEMPnH0Ag1QrkuFCNuWQctLGtplltiO3c50CZfSsX9JOEj35PCYlJ9CiqNTh6JOOqv71Mn7drqXg4HnYV9brKl2Odse0VirK02FcVL0zoggVuipM0JkpcJek6nYkjVWcizZC2nY_kUgRJE:1rtVev:-O-Gm0_Pz1B1T56DSzd5uq_zxPrEO3um6Xgvh1Im8nI	2024-04-21 19:46:21.53592+03
d05e67za74s43fwzot4rnzd06h3mtsbx	.eJxVjDEOgzAMRe_iuYpsAolh7M4ZkJOYQluBBGFC3L1FYmH9772_Q5QlQ7MfD-hky0O3rbp0Y4IGbAW3MUj86HSS9JbpNZs4T3kZgzkVc9HVtHPS7_NybweDrMO_ZqypDoVwj-iZrbNU-qBlH7wqosNIySsRq8PeknfCxJ61wEqikoXjByuMOmE:1rwNec:6sHulekDb6nkaPZ8wkdhOwPV5yVMSkGfoY_Z1KvT-fw	2024-04-29 17:49:54.371789+03
0rb4z2pxjjckesdovwd8rsr0bh5q5btb	eyJjYXJ0Ijp7fX0:1rvKlR:qoMkqzzdpCE4rij-SeOgq_HzO9R44ZJH7S_x-AiQANc	2024-04-26 20:32:37.73361+03
1823pampa8rn5cpqugwt4un7odm16cch	eyJjYXJ0Ijp7fX0:1rxopD:wI-uNFvp8VawA5soas41-1tC8w7_xNU-Lv6CODwF2NQ	2024-05-03 17:02:47.819971+03
qipz8l9r7hhb6qwc7kycsymx593y4rql	eyJjYXJ0Ijp7IjciOnsicXVhbnRpdHkiOjEsInByaWNlIjoiMzQ5LjAwIn19fQ:1rsfwk:seubeuMq5MN3OGGHI8HxKufxbvt52j4TMkQrfJTINIw	2024-04-19 12:33:18.96255+03
y320sen8l3orw2pt5tuacx5q0bqvi45e	.eJx1zDEOgzAMBdC7eEaRTSAJjN17BuQEU2graCEMFeLuhYqFoYuH_9_3AoHHCOUCdj_vmfvYxQ-UlMBr7IJACTorFCKsCaR_DaU6_6FNVTzHtponGauu3vc5nELP4SH93tR37m-DCkMfx86rnaijndR1qOV5OezpQctTu60dFlT4lF2DaJ3TRlNmvWSNtyKIBgPVVoicGGw0WcOOnHWSYs5BSMP6BdN_Tsc:1rt9tH:CwJ5siJAyadHv8TQ8YcTV1glYN4GSHUITiItvMeMCtk	2024-04-20 20:31:43.352393+03
hlnhqsxs3cnfjdric3den65g58fxxus1	.eJxVjDEOgzAMRe_iuYpsAolh7M4ZkJOYQluBBGFC3L1FYmH9772_Q5QlQ7MfD-hky0O3rbp0Y4IGbAW3MUj86HSS9JbpNZs4T3kZgzkVc9HVtHPS7_NybweDrMO_ZqypDoVwj-iZrbNU-qBlH7wqosNIySsRq8PeknfCxJ61wEqikoXjByuMOmE:1rxZRM:KADIvfkhp-kzShRBPQ5lRic9QIpJynuSblE-csu-ERw	2024-05-03 00:37:08.08277+03
j6mo5xiw4q009sbolkl001964m3keofq	eyJjYXJ0Ijp7fX0:1rtEGD:Cq6KFtVcCJP5TL7oL5dVk6_OxZS6naLAWS8xOy1suSo	2024-04-21 01:11:41.326029+03
ozcyclu125lrxu4dhzl7axmqrm0x0oix	eyJjYXJ0Ijp7fX0:1rxZUp:1kbG26rwCuT_OMAzoegIOWYbW5ChPZW1SC4lYD4fVXY	2024-05-03 00:40:43.702266+03
eb4bloroarl537qs9m66lo8zex3vbqmo	.eJx1zDEOgzAMBdC7eEaRTQIJjN17BuQEU2graCEMFeLuhYqFoYsH__f_AoHHCOUCdj_vmfvYxQ-UlMBr7IJACdoUChHWBOivoVSn5qc2VvEc22qeZKy6eh_I4PT0HB7S70l95_42qDD0cey82ok60kldh1qel8OeBlqe2q3tsKDCp-waROuczjUZ68U03oog5hiotkLkJMdGk83ZkbNOUsw4CGlYvwtVTvc:1rtHgZ:XhK0YoSbqy-erBMHdakYDSImZgRPMdibywsoT3_YnRg	2024-04-21 04:51:07.462778+03
11cmlq4jk3lh48ulfsgyh9p22cze7mos	eyJjYXJ0Ijp7IjEiOnsicXVhbnRpdHkiOjEsInByaWNlIjoiMTIzMjQuMDAifX19:1rxp7K:QM74KpYYKGfhRSHYaH0xQm0ngh8VTEiAdCY9gLgGRlA	2024-05-03 17:21:30.681237+03
wjmuionzcxx1zucs7ctp83zmv48nwh98	eyJjYXJ0Ijp7fX0:1rtFob:TtZ9BCA3iYrW7HWgV8Pj_D7tcUJ9U8HAcoQII8beSfU	2024-04-21 02:51:17.82635+03
m70ubjntj2ccv6f1za60a2c47nfjvoxo	eyJjYXJ0Ijp7fX0:1rxZl9:4jLHYNWShWHv5SlFggG1-I4FmyIgnAWkZXZh7VFqD6E	2024-05-03 00:57:35.455433+03
mhmb78l09iqg7o5n0bc8180ebibsk5sd	.eJxVjDEOgzAQBP9yNbLuYrANZfq8AZ3tI5BEkIApIsTfE0s0NFvszO4GgecEzQY2x2flMQ3pCw0V8J6HINCALmuFCPteQMtr6tt1kbkdYkYVnErP4SljJvHB431SYRrTPHiVFXXQRd2mKK_r4Z4Oel76_9phTbW_sOsQrXPaaCqtl7LzVgTRYKBohciJwU6TNezIWScXrDgIadh_HzNEaw:1rwN0m:39b6Cl2xVpadx2hv6PW8peOoNZS_BTd1WV1KpTQqauc	2024-04-29 17:08:44.297935+03
9al8yp7n5xr2198aw9yjtyg08c9vuwkq	.eJxVjDEOgzAMRe_iuYpsAolh7M4ZkJOYQluBBGFC3L1FYmH9772_Q5QlQ7MfD-hky0O3rbp0Y4IGbAW3MUj86HSS9JbpNZs4T3kZgzkVc9HVtHPS7_NybweDrMO_ZqypDoVwj-iZrbNU-qBlH7wqosNIySsRq8PeknfCxJ61wEqikoXjByuMOmE:1rwNIJ:zuJukBe71OFcyIfaaxjYynYcP8LHeaqIHeH76LueDn4	2024-04-29 17:26:51.901654+03
edya74rmvb14d7ke52zwzkvvet0sg8wr	.eJxVjDEOgzAQBP9yNbLuMGBDmT5vQGdzBJLIJMYUEeLvAYmGZoud2V3Bc0zQrJAf8V04pDH9oKEMPnH0Ag1QrkuFCNuWQctLGtplltiO3c50CZfSsX9JOEj35PCYlJ9CiqNTh6JOOqv71Mn7drqXg4HnYV9brKl2Odse0VirK02FcVL0zoggVuipM0JkpcJek6nYkjVWcizZC2nY_kUgRJE:1rv2pN:nMa4Op3Egaeu9OOKki2Jhu884fVYHEwY0murTGmODDs	2024-04-26 01:23:29.194787+03
qyyxmq0wwk0bgww3ayf6bf5gdhcusbxa	eyJjYXJ0Ijp7fX0:1rxqR4:TYKw-r49rDmA6rAnLbI2WzNpdYhyR5J1I0BMHovLJwM	2024-05-03 18:45:58.403761+03
49ra6bw38cik0aetbs388yi7qrdm9iiz	eyJjYXJ0Ijp7fX0:1rxqWA:spP2RT4H6269kgECSKFL6h3vGzJhh6LHsg0Y6EwRNu8	2024-05-03 18:51:14.72508+03
8fsqw6xluz0l9aitfszl8h3cma6ddw0e	.eJxVjDEOgzAQBP9yNbLuMGBDmT5vQGdzBJLIJMYUEeLvAYmGZoud2V3Bc0zQrJAf8V04pDH9oKEMPnH0Ag1QrkuFCNuWQctLGtplltiO3c50CZfSsX9JOEj35PCYlJ9CiqNTh6JOOqv71Mn7drqXg4HnYV9brKl2Odse0VirK02FcVL0zoggVuipM0JkpcJek6nYkjVWcizZC2nY_kUgRJE:1rtHua:-rP8wVm9PbwQr5AHNx_1chfGCHI5g2tSjvJ5Q44Bdr8	2024-04-21 05:05:36.524013+03
97yt6vqhis8akwsle78awwy83c0mfg88	.eJxVjDEOgzAQBP9yNbLuMGBDmT5vQGdzBJLIJMYUEeLvAYmGZoud2V3Bc0zQrJAf8V04pDH9oKEMPnH0Ag1QrkuFCNuWQctLGtplltiO3c50CZfSsX9JOEj35PCYlJ9CiqNTh6JOOqv71Mn7drqXg4HnYV9brKl2Odse0VirK02FcVL0zoggVuipM0JkpcJek6nYkjVWcizZC2nY_kUgRJE:1rwNXe:Yi7U0QuAtgQ9iprwjACC1U_MN---9uDP2wTNY9-fuV4	2024-04-29 17:42:42.438388+03
v8k9icnz8vzdefkskr9f3ko53c9pj704	eyJjYXJ0Ijp7fX0:1rxaGB:99tRYp3Qoq4d3OtCn_cZDcjoVCElVxIacIuLV2ux13Y	2024-05-03 01:29:39.358014+03
ocirh4820zrqa95i9tvnfxck5tvulvfi	.eJx9zDEOgzAMQNG7eEaRTYAExu49A3ISU2graCEMFeLuhYqFpYsH_2cv4HmMUC2Q7uM9cx-7-IGKEniNnReogFKdK0RYE6Dyj8oRf2xzNc-xredJxroLW9Q5nJaO_UP6vYQ797dB-aGPY-fUTtRRJ3Udgjwvhz09aHlqt2uLJZUuZdsgGmt1oSkzTrLGGRHEAj0FI0RWCmw0mYItWWMlxZy9kIb1C3BzT1I:1rz4F5:PdqFlmQm8alVFYYjwaUGJhJKKOS6wZnuG7TARj2Jwf4	2024-05-07 03:42:39.030223+03
ple8xer1j9ipfs4hxnmi04omeglka48k	eyJjYXJ0Ijp7fX0:1rxo2t:gMQ731SyPlid53GqFX67WCq2K-hkUDHyvnBFiuzPpNU	2024-05-03 16:12:51.064844+03
6ylsdtx06ncrvkkjpcq2ijs5cm6b00yt	eyJjYXJ0Ijp7fX0:1rxo6m:DiFq9clALuFE8uV_aHlPLceITnN1zrKm9ix9sA8T-kM	2024-05-03 16:16:52.831156+03
3lrfsberylpc78i1luair77mnxkrbof2	eyJjYXJ0Ijp7IjE4Ijp7InF1YW50aXR5IjoxLCJwcmljZSI6IjcwMDAuMDAifX19:1rz4Lq:eN_Y2Ja1Lnyi_76lnYdeuWToyRhBsypRJ7_h6X32zsM	2024-05-07 03:49:38.577207+03
q6ogt0ufoi5tntmw83i20wsgn9x9fy51	eyJjYXJ0Ijp7fX0:1rxoB7:7VN9sYDSiD9W-Syx66lV8TZTxMNJt1JZWFHu0XEdu0g	2024-05-03 16:21:21.258247+03
5i6lwdjbhjkqrxpycpewaet7fm1m6e5s	.eJyrVkpOLCpRsqpWMjQHkYWliXklmSWVSlaGOkoFRZnJqUpWShYGBgZ6BgZKtTpKhhY4VZnDVNXWAgBZBhkL:1rz4Vi:J4koLtYZxkxhhe5Eh3TYhWJAAv1H7sC9zzRpXeqwL_Y	2024-05-07 03:59:50.541112+03
760q92u6t4iydopeon26o17ahkpns392	eyJjYXJ0Ijp7fX0:1rz4jB:mYiRCQYVpKysWefntzzzRFUkA0Zc5y5lH2ewk5GMNJg	2024-05-07 04:13:45.088867+03
byh5qkcg8b80ksk2uu677gx5vo71b72j	eyJjYXJ0Ijp7fX0:1rz4p5:-zneudNyHICne8LmBVlqX_EaCVcTThe191jsYBmLQL8	2024-05-07 04:19:51.126994+03
arqix5reyq68gbp1kzyegt8i7frw393b	eyJjYXJ0Ijp7fX0:1s4HbZ:ogRyWiT8qA4OED0WI0A2beyqT8tdBph2BFqhWu4Wus4	2024-05-21 12:59:25.057271+03
bvmzh961y5ztq66tgykjqssaziz72bmb	eyJjYXJ0Ijp7fX0:1rz4pb:CRIoSlKQM-YSVfVQ2Af-aeoHZMjCxeOZVAKRyvEm038	2024-05-07 04:20:23.395151+03
24z64exovj69bqzs2azxbipnfesrw6ji	.eJxVjDEOgzAMRe_iuYpsAolh7M4ZkJOYQluBBGFC3L1FYmH9772_Q5QlQ7MfD-hky0O3rbp0Y4IGbAW3MUj86HSS9JbpNZs4T3kZgzkVc9HVtHPS7_NybweDrMO_ZqypDoVwj-iZrbNU-qBlH7wqosNIySsRq8PeknfCxJ61wEqikoXjByuMOmE:1s1M4b:s8iuSVpVn-h-bKPHzcUVJ3o8F8yfYXPKy2e6-6cSBag	2024-05-13 11:09:17.482956+03
fra28qh3b0t830im4ihz1uwn90gjv008	eyJjYXJ0Ijp7fX0:1s1MDD:3q-gCwga43zzp2p0MB7C1MMShb47n2gRtdVlSbmSAwk	2024-05-13 11:18:11.009535+03
1edfxe1krybfixyjakk37p9zfh8nm1dw	eyJjYXJ0Ijp7fX0:1s4Hf6:hjvbkfHZx_gcrTDG8U2YCuZ0f4fNOFPal20Qadsu6v0	2024-05-21 13:03:04.36638+03
3v2abr85w6bujl26fb36t37u18v2dory	.eJyrVkpOLCpRsqpWMjQHkYWliXklmSWVSlaGOkoFRZnJqUpWShYGBgZ6BgZKtTpKhpY4VRkamSKUmeJWZgkzrbYWABhcI_w:1s21mb:Fe3rssuO4C_OMy-iukwyCUxTqdyVsAoKNKl1GWZfpVM	2024-05-15 07:41:29.282655+03
70gpf0evs2of1ygwi3mu7vbg8ehc3t4g	.eJxVjDEOgzAMRe_iuYpsAolh7M4ZkJOYQluBBGFC3L1FYmH9772_Q5QlQ7MfD-hky0O3rbp0Y4IGbAW3MUj86HSS9JbpNZs4T3kZgzkVc9HVtHPS7_NybweDrMO_ZqypDoVwj-iZrbNU-qBlH7wqosNIySsRq8PeknfCxJ61wEqikoXjByuMOmE:1s0LJU:MtRq6_AM_vzJmnbzwu6rMgIu0nObuVmzJrk-CiOhqmw	2024-05-10 16:08:28.055629+03
xiqp4b49j05jncloo6qv879eaq4zx2d7	.eJxVjTEOgzAQBP9yNbLuMNiGMn3egM7mCE4iSMAUEeLvCRENzRY7o90VAk8J6hXI7vleeEgxfaCmDF5TDAI1OERUiLBtGTS8pL5ZZpma2P6YLuFUeg4PGXbS3nm4jSqMQ5qiV7uiDjqr69jK83K4p4Ge5_7_WVHlc3YdonVOG02F9VJ03oogGgzUWiFyYrDTZA07ctZJjiUHIQ3bF3JnRMQ:1rzOgy:GhEXYdunLaTCPTwiTs2-utHJr5oKPm3-Q2JjAmjdUls	2024-05-08 01:32:48.975677+03
cf495rtvzn6wsvx9ojo9kn7sl4e1c8aq	.eJxVzcEOgjAMgOF36ZksLYNtcPTuM5BuFEENKIyDIby7YEgMlx76f2kXCDxGKBegYp_vmfvYxQ-UlMBr7IJACZTmiAoR1gTInpn9M4eH2ljFc2yreZKx6uqt6RxOS8_hIf1e6jv3t0GFoY9j59VO1FEndR1qeV4OezrQ8tT-fhZU-JRdg2id00ZTZr1kjbciiAYD1VaInBhsNFnDjpx1kmLOQUjD-gWm4k-L:1s2C9L:onwti5LPm62qckUSh99eMDGRM5jkTd5304vpKbbxLSk	2024-05-15 18:45:39.346344+03
5psw46fgzznilovwyadk1by56c86079p	.eJxVjDEOgzAMRe_iuYpsAolh7M4ZkJOYQluBBGFC3L1FYmH9772_Q5QlQ7MfD-hky0O3rbp0Y4IGbAW3MUj86HSS9JbpNZs4T3kZgzkVc9HVtHPS7_NybweDrMO_ZqypDoVwj-iZrbNU-qBlH7wqosNIySsRq8PeknfCxJ61wEqikoXjByuMOmE:1s4rG1:KKVoroBnAJsoB015LTqaSKYYrCM7zbhn5WV-Y2xdfsg	2024-05-23 03:03:33.066344+03
wkpq0fj3yssyn994rkm84i9gkqcbeqzq	.eJxVjDEOgzAMRe_iuYpsAolh7M4ZkJOYQluBBGFC3L1FYmH9772_Q5QlQ7MfD-hky0O3rbp0Y4IGbAW3MUj86HSS9JbpNZs4T3kZgzkVc9HVtHPS7_NybweDrMO_ZqypDoVwj-iZrbNU-qBlH7wqosNIySsRq8PeknfCxJ61wEqikoXjByuMOmE:1s1MRb:r3MH5vhuQNLqEeQN7RfHetbcIPMsFXq0ToLuSpgOnyg	2024-05-13 11:33:03.454801+03
kuy9qb9xv4wzxgrxodqiuy77wga8bokr	eyJjYXJ0Ijp7fX0:1s0LUN:FcaTa_G73mPVeYkRwo9IBB-Jj2XeS4jSi1SsmIM9gnc	2024-05-10 16:19:43.228024+03
hnz9767gcghut9ht18wf7fo5mil7e6w1	eyJjYXJ0Ijp7fX0:1s1MUD:MPCVsLgJvVMGXE9OJBDYp-9KCuBDBk6nOkPaH77elV8	2024-05-13 11:35:45.37279+03
bhcdjus9la5q2q270zfat7e1qdeftb8t	eyJjYXJ0Ijp7fX0:1s4F6U:SolYjUd-9jfBLCLLE6RrKdgyL3XgaRDEzKgsioWOlhY	2024-05-21 10:19:10.196173+03
i5jzzy9401xttc1hgo37nwl0ayfn24g3	eyJjYXJ0Ijp7fX0:1s4Ff5:qBOXa3H0RdKoYYiazt9Vlg8Ck6uO0GBC67N_cIKFeT4	2024-05-21 10:54:55.828019+03
050ocypifjbre5i1lslnf4n94y38b3s7	eyJjYXJ0Ijp7fX0:1s4Fjx:HmCVGRK8O2ufyg7ou5hOr_EmXnkaTJHOHx7Pi7tjm6A	2024-05-21 10:59:57.56299+03
5p82qlr1x9taq9b0bjw8u3500fl3vl7t	eyJjYXJ0Ijp7fX0:1s1zUU:OAeghbP5-bJIlbXIprXnOpWS78SOTGSRSE286dabE8w	2024-05-15 05:14:38.952142+03
73oyqtdngtx2085nc41ou9knppfm4lye	eyJjYXJ0Ijp7fX0:1s4tcH:HemoldeSgpHaRSmqwrV_q_EEHgXOkQg3fwn6hpeH0YY	2024-05-23 05:34:41.239749+03
o0n66h3c4isb9ac3yk587zrcb2pd8gkz	eyJjYXJ0Ijp7fX0:1s1Mb2:DN5JIzeszsJLN_rwGs006XNagJwXwpAdjD92WmbtwLE	2024-05-13 11:42:48.051713+03
qdmh38l51yfkma6t9m36l680vhc2nzj7	eyJjYXJ0Ijp7fX0:1s1zfD:_jVeORu6pvPEYBvqUK_AOyPxeWmiHSGZOQdFXklGKF8	2024-05-15 05:25:43.205522+03
e6ghp4oe18metyqdbavgchscj3iemm7q	eyJjYXJ0Ijp7fX0:1s4I1G:6TMw1QIaP0Ll1j_X3osLAuKX9yGaQ4_P6LAtMHHqPWQ	2024-05-21 13:25:58.008468+03
90w5vbrhpa6w01f722pbr7o2n9gwewcj	eyJjYXJ0Ijp7fX0:1s5cdo:ZL_z71YEQqImG1o81PykLBEotnK1X-yu3sgDMFqWheM	2024-05-25 05:39:16.320071+03
xkhw7gmf4qvwakim3vpqvyux1p7napvd	eyJjYXJ0Ijp7fX0:1s4I5L:ypD7adpwqHfF6VaOrPRNy5tFDE3kHpJMANcjK4eAM20	2024-05-21 13:30:11.157755+03
zwsh5ctgkqqh9wnay50rce62sbam0km6	eyJjYXJ0Ijp7fX0:1s0P5E:vZBZpqwEm72MAEt6aEsEE1E3sueyX_YeQTxcKlzVjgg	2024-05-10 20:10:00.679608+03
9x7oo5tbrnrn78815wlppra2l3j4srz0	.eJxVjDEOgzAMRe_iuYpsAolh7M4ZkJOYQluBBGFC3L1FYmH9772_Q5QlQ7MfD-hky0O3rbp0Y4IGbAW3MUj86HSS9JbpNZs4T3kZgzkVc9HVtHPS7_NybweDrMO_ZqypDoVwj-iZrbNU-qBlH7wqosNIySsRq8PeknfCxJ61wEqikoXjByuMOmE:1s1UpS:N3ZOHmsEIKC0oPp13Jauf_DpKyeCPWRTnqbz_1XRc9c	2024-05-13 20:30:14.206269+03
pj8jftre4zwu30uzf07j86y43q5hk8qq	eyJjYXJ0Ijp7IjMyIjp7InF1YW50aXR5IjoxLCJwcmljZSI6IjkwMDAuMDAifX19:1s0QBz:wuGBCSR0J7dOzog-HSgQWShqrOWp4iXYbGeskj9c25c	2024-05-10 21:21:03.20358+03
cnvb4suo0h719j7ol3pcgoky3rmg1yro	eyJjYXJ0Ijp7IjMyIjp7InF1YW50aXR5IjoxLCJwcmljZSI6IjkwMDAuMDAifX19:1s20XS:FZsDGy2WugsmO9ueQ2vq8U46UFkg_hRq-p_uTmJFv9Q	2024-05-15 06:21:46.418964+03
ulnlelvgin31g6512g0acoqqc7p4ft1o	eyJjYXJ0Ijp7IjE4Ijp7InF1YW50aXR5IjoxLCJwcmljZSI6IjcwMDAuMDAifX19:1s1yPm:RO574Z93F3mAOUrYYX5OeqC4fgPt95XHCZJW36R-3ZQ	2024-05-15 04:05:42.336697+03
gwxra95l5p96bnv5imfypvk9zvc2sf9o	eyJjYXJ0Ijp7fX0:1s4NU3:IushP7NfBxzovV2M3hFBwHUTu26iJqXOxFW_HBCyLmU	2024-05-21 19:16:03.606479+03
qgttjkxk9q7zpkvbx0ot89n832vra5vs	eyJjYXJ0Ijp7fX0:1s1LU7:gdBbkIOkwazBND5IlXch4fv8M4vy3X1swkD4vQ3Lzp0	2024-05-13 10:31:35.596786+03
qplbevqoma43bpugckt5klf7z3vz7erc	eyJjYXJ0Ijp7IjE4Ijp7InF1YW50aXR5IjoxLCJwcmljZSI6IjcwMDAuMDAifX19:1s21BO:hHlONLFZZXPhYfvuHcSdwDpJrNZjdiQ84lwq763DU-0	2024-05-15 07:03:02.791054+03
kq4vrpvqw53xvmqvi2pvqucyw61lc8rp	.eJx1z7GOgzAMBuB38VxFdlKwYezeZ0BJMAd3FbQQhlPVd79StYcYWDz4__RbvkP0Y4LyDiTLvM2-T136hdIe4Dp2UaEERkSDCI8DEG8VrUpWZWlXWc7-mXP7ZbIqu6uKz8knq_yc2mqedKy6-pm5DDbL4OOP9ktSf_v-azBx6NPYBbMQ804ncx5qvZzedlPQ-ql9vVlQEayXBpFFXO7oyEGPTWBVxBwj1axEojk2jjj3QsKiFjMflRw8_gAU7282:1s21G3:Yz1T4pKJAg66sL5AdA8kO1TmprQyrSAp0mzKstIeR84	2024-05-15 07:07:51.200707+03
p280jkqm00051i01yz4t9sezyweltd3y	.eJyrVkpOLCpRsqpWMrQAkYWliXklmSWVSlaGOkoFRZnJqUpWSuYGBgZ6BgZKtTpKRoY4VRmZm0KV1dYCAHDkGTw:1s21N0:vb2A9LWMSZmuFmUmIfhEOG577W2NFs_0eUT8EgwEUeU	2024-05-15 07:15:02.94973+03
izszt7wig5zxyd3wsm2curvpa6ae658s	.eJyrVkpOLCpRsqpWMjQHkYWliXklmSWVSlaGOkoFRZnJqUpWShYGBgZ6BgZKtTpKRka4VVlCVdXWAgBYsxkQ:1s21Ue:cZUmPlUy6rUgDonDLCv8OWN5BotAQOh3A5TofQ7aZd8	2024-05-15 07:22:56.866941+03
up3lptswwb29wcy0sl74bclna4hrzox3	.eJxVjDEOgzAMRe_iuYpsAolh7M4ZkJOYQluBBGFC3L1FYmH9772_Q5QlQ7MfD-hky0O3rbp0Y4IGbAW3MUj86HSS9JbpNZs4T3kZgzkVc9HVtHPS7_NybweDrMO_ZqypDoVwj-iZrbNU-qBlH7wqosNIySsRq8PeknfCxJ61wEqikoXjByuMOmE:1s1M2V:VU2cdWgUh98IleEWN4-R0TaBkIZYyBcQgXu9rz-1YqY	2024-05-13 11:07:07.190969+03
2e8npo2hde5sau40f0ol3lqcqjatks1w	eyJjYXJ0Ijp7fX0:1s1z3i:CR8MHKvWfs2k1EaI5TPnbYx6pUODgAtPAtnA1DdTQ4E	2024-05-15 04:46:58.160588+03
o6rbk1g19ya3sp3e43zpilxlujkwqf9h	eyJjYXJ0Ijp7IjE3Ijp7InF1YW50aXR5IjoxLCJwcmljZSI6IjgwMDAuMDAifX19:1s1z8f:iVpA4x19nzgVThB1Jf_teXWUdQhHvCIxQrFx1ufksgs	2024-05-15 04:52:05.423076+03
98kthhqpuywagoz8809wdigfqeh1ssft	eyJvcmRlcl9pZCI6NjEsImNhcnQiOnt9fQ:1s4HXU:r1Pu2F_ViGj_jaWpeHv5LKhgUVtKLVPcGr7Esgx-UIo	2024-05-21 12:55:12.088902+03
7v082myjxefxtt43djlagprqibvrq3uo	eyJjb3Vwb25faWQiOjEsIm9yZGVyX2lkIjo2NCwiY2FydCI6e319:1s5d9i:qZV08_tWpMNAs1gGWfss0i1eA7oIWw7UDAcrQ99niOE	2024-05-25 06:12:14.316633+03
1o36j5ezpao5btculn83720jiwpu9mv4	.eJxVjMsOgjAQRf-layUzVGh152NldKExJq7ItB0ENUWhqMT470rixu0959yXsFQHMXm9B6Ij7_g5rKgNRZw1gQKLiVjBQ-2fZrcAvB221_lsWbZAh259p-n8uPFiILK-yNqG66x030Qm_6Mhe2bfE3cif6wiW_lQlybqlehHm2hdOb7Mfu7fQUFN8a01jHFsYtI5gNJaphJHyvAoN4oZIAWLTjGi5hRyiSoljVppjiEhyyjF-wMVQk2V:1s6bSH:QADHakJzVfx1ZVdwioIRdJk38c-l8Z3wGeURiCNzYZU	2024-05-27 22:35:25.513949+03
nffuot4qfl48cgijv4wquvvaf39unhza	eyJvcmRlcl9pZCI6NjUsImNhcnQiOnt9fQ:1s5dCa:z4H_LXjbCpp0cVqEW1Umn3OblJxYJiiELLhynRECjMQ	2024-05-25 06:15:12.831618+03
qpmb0avxf6t8xm1x3ytlcu4viga5einm	.eJxVjDEOgzAMRe_iuYpsAolh7M4ZkJOYQluBBGFC3L1FYmH9772_Q5QlQ7MfD-hky0O3rbp0Y4IGbAW3MUj86HSS9JbpNZs4T3kZgzkVc9HVtHPS7_NybweDrMO_ZqypDoVwj-iZrbNU-qBlH7wqosNIySsRq8PeknfCxJ61wEqikoXjByuMOmE:1s4r7L:gpgwcwYzhb9moqDeZ-iNF2GnpSCFS0nArUfBQghzVbo	2024-05-23 02:54:35.155033+03
qkqugfxva56xivo0fpoc2wtnns5d3m9v	eyJvcmRlcl9pZCI6NjYsImNhcnQiOnt9fQ:1s5dLf:MIhiTfCNhc9ZY-0GlMwtaPZWnKEyjTxtV0nn39THpp4	2024-05-25 06:24:35.649267+03
5gui9fyw6a97cpf8d4z1wuv3t6p3qgfi	eyJjb3Vwb25faWQiOjEsIm9yZGVyX2lkIjo2NywiY2FydCI6e319:1s5dNb:i0lkRoJtx-WLSAar_EjowiI_87MgBzE4aDplbGckZyg	2024-05-25 06:26:35.149886+03
g66rzefi7iqk1wp2vkmd2ru98jk270gt	eyJjb3Vwb25faWQiOjEsIm9yZGVyX2lkIjo2OCwiY2FydCI6e319:1s5dW1:dmI-q7-XXgvbo8nWp_zFf9R4sbiEy28tiJUCvPLi9lM	2024-05-25 06:35:17.957905+03
c3bv08kwz5omonw2vpnp28o258c47mna	eyJjb3Vwb25faWQiOjEsIm9yZGVyX2lkIjo2OSwiY2FydCI6e319:1s5div:_34-k37BBXXyqv6omZBMJ4jBJaqFdmeOl6TtJDPOsAI	2024-05-25 06:48:37.563724+03
pm7vvwufrk95l4g1eaznj4umbm1pc6kk	eyJjb3Vwb25faWQiOjEsIm9yZGVyX2lkIjo3MSwiY2FydCI6e319:1s5dkz:JDahrVuRQv4WzxMEJLtA4IQXBEPcnEPvPJLVBhDHd_k	2024-05-25 06:50:45.055071+03
8ulesqgefx7sn55b91zln54fwn3w3uey	.eJxVjsFuwjAQRP_FZxrZMYk3HDlUoqgS4lT1Eq3tdUOgNrUdhQrx702qXLjOmzeaO_tFb-n2EnDIXdmmjJnYhh3Gw-d1j-fewTBWu59mjN69vfbpuIXxY__NVqydjXZIFNuTnRRZPYcazZn8TGyP_isUJvgcT7qYK8VCU_EeLF22S_dpoMPUTTbwRjS6RHCcKwBZS7FWmtZOKyLOa26EVSQEUM2dFKpGEKCASl6hISGnUROGa_D_N8WKhWiXz6qcGMbMNvfH4w_DgFdf:1s6bid:80w-ViN8WBADSJ83Kblsk6_QaTqk3lcGlwefo5PLP-c	2024-05-27 22:52:19.802879+03
71v45efy1anbtamiukyflu3cf7ysqnxb	.eJxVjTEOgzAQBP9yNbLuMNiGMn3egM7mCE4iSMAUEeLvCRENzRY7o90VAk8J6hXI7vleeEgxfaCmDF5TDAI1OERUiLBtGTS8pL5ZZpma2P6YLuFUeg4PGXbS3nm4jSqMQ5qiV7uiDjqr69jK83K4p4Ge5_7_WVHlc3YdonVOG02F9VJ03oogGgzUWiFyYrDTZA07ctZJjiUHIQ3bF3JnRMQ:1s4sVJ:C52YAYto7s3AGBuImwFB9w6tCQf2PMOiq_cwpSfB94Q	2024-05-23 04:23:25.79373+03
1yusiq5ydytozwvlotkhu91j0bmycsd3	eyJjYXJ0Ijp7fSwiY291cG9uX2lkIjoxLCJ2ay1vYXV0aDJfc3RhdGUiOiI3bFVLbjdpNG03YXpiaERaYkwxZXVBclhKZlZGcUVjRiJ9:1s6EiJ:c_12BxrxjHYLgaSqW88KITkHzy25HTynKv7vlymxAa4	2024-05-26 22:18:27.121708+03
qmiqzpj9tbu4xkvlrooo4f7g9ier13bw	.eJxVjDEOgzAQBP9yNbLuMGBDmT5vQGdzBCcRJMYUEeLvAYmGZoud2V3Bc0zQrKDzI78LjymkHzSUwScGL9BAjYgKEbYtg5aXNLTLLLEN3c50CZfSsX_JeJDuyeNjUn4aUwxOHYo66azuUyfv2-leDgaeh31tsaba5Wx7RGOtrjQVxknROyOCWKGnzgiRlQp7TaZiS9ZYybFkL6Rh-wNwr0TC:1s5V5Z:xWEGehc9573ARwaIXWvOutgG2ShC8s3qfk8VBXi83eQ	2024-05-24 21:35:25.521021+03
ia46i98pv6op24gmqxa19a8n8pjjy2dy	eyJjYXJ0Ijp7fSwidmstb2F1dGgyX3N0YXRlIjoiMWVoVTh4S0F3WVBtVk95RE5tcEVWOFZSRVNVd05vWE8ifQ:1s6ExG:vEHgZ5LyvVtpXBpvPTeCXa-LA2u19O1RjvxTjFQRr1M	2024-05-26 22:33:54.340455+03
oij3oaxhpwx5d3wrf8fpir60usq0ci6c	eyJjYXJ0Ijp7fSwiY291cG9uX2lkIjoxfQ:1s5cdi:ZDA3MUgFWuCgkLKewn7M6cVHE2Cpmbhz6qrcsKpGYF8	2024-05-25 05:39:10.903467+03
42adacnvf6jr4crbx33wvjcmezprg133	eyJjYXJ0Ijp7fSwieWFuZGV4LW9hdXRoMl9zdGF0ZSI6IjNxQkVGUjJRNGFNdDZiclNRNU1HRkx4SGNMSTFGc3AzIn0:1s6FX3:L8eSjGo_kBXrn3Xxxt1G51nyiw3YOt9OlKBZv0Qdkew	2024-05-26 23:10:53.105319+03
gqyku2pez0we7wf91xo8ynb6pys1qkge	eyJjYXJ0Ijp7IjE5Ijp7InF1YW50aXR5IjoxLCJwcmljZSI6IjEyNTAwLjAwIn19LCJjb3Vwb25faWQiOjF9:1s5cg2:peujU_4N95-ElQUDc6NhBH4r1uEmXqAsEyJrWeo2Ex4	2024-05-25 05:41:34.016069+03
f3t432b33lp9f6b109s6neq9olucvknr	eyJjYXJ0Ijp7fSwieWFuZGV4LW9hdXRoMl9zdGF0ZSI6ImoxRVNaVzRoYk1CTktKUm5ITnR5TkpIMXBuVGZDNzdQIn0:1s6FXX:hkSBmdMtyHdoGi79W1Eg95WL54qEEKVnQCXrrHD5kag	2024-05-26 23:11:23.552198+03
y8d6urmfyio5u6hgw8wsdnvkoyk6r4rb	eyJjYXJ0Ijp7IjMzIjp7InF1YW50aXR5IjoxLCJwcmljZSI6Ijg4MDAuMDAifX0sImNvdXBvbl9pZCI6MX0:1s5ck5:nAQ22Wea20f9WAuh94KvqEIbKcibJXQjzOeKUmhbJdg	2024-05-25 05:45:45.448761+03
ulirpbzvb9ysxw6n0ztvm5508db0k0ws	eyJjb3Vwb25faWQiOjEsIm9yZGVyX2lkIjo2MywiY2FydCI6e319:1s5d7D:9uIBNpL9tkdzOZ0p0ZzfcM54Xtc5aQAMIvv16JNOvNg	2024-05-25 06:09:39.714218+03
\.


--
-- Data for Name: django_site; Type: TABLE DATA; Schema: public; Owner: perfume_admin
--

COPY public.django_site (id, domain, name) FROM stdin;
1	example.com	example.com
\.


--
-- Data for Name: orders_order; Type: TABLE DATA; Schema: public; Owner: perfume_admin
--

COPY public.orders_order (id, email, address, postal_code, created, updated, paid, yookassa_id, discount, coupon_id, phone, full_name, user_id) FROM stdin;
1	loghtofgod@gmail.com	Г. Москва Ул Перовская Д 25	111524	2024-01-25 15:41:52.973383+03	2024-01-25 15:41:52.973383+03	f		0	\N	\N		\N
2	loghtofgod@gmail.com	Г. Москва Ул Перовская Д 25	111524	2024-02-03 04:35:18.182216+03	2024-02-03 04:35:18.182216+03	f		0	\N	\N		\N
3	loghtofgod@gmail.com	Г. Москва Ул Перовская Д 25	111524	2024-02-06 05:49:32.455569+03	2024-02-06 05:49:32.455569+03	f		0	\N	+79495328151		\N
4	loghtofgod@gmail.com	Г. Москва Ул Перовская Д 25	111524	2024-02-06 05:51:40.861195+03	2024-02-06 05:51:40.861195+03	f		0	\N	+79495328151		\N
5	loghtofgod@gmail.com	Г. Москва Ул Перовская Д 25	111524	2024-02-06 06:35:38.070744+03	2024-02-06 06:35:38.070744+03	f		0	\N	+79495328151	Light God	\N
6	loghtofgod@gmail.com	Г. Москва Ул Перовская Д 25	111524	2024-02-06 07:39:43.922094+03	2024-02-06 07:39:43.922094+03	f		0	\N	+79495328151	Light God	\N
7	loghtofgod@gmail.com	Г. Москва Ул Перовская Д 25	111524	2024-02-06 08:02:55.805508+03	2024-02-06 08:02:55.805508+03	f		0	\N	9495328151	Light God	\N
8	loghtofgod@gmail.com	Г. Москва Ул Перовская Д 25	111524	2024-02-06 09:37:47.207258+03	2024-02-06 09:37:47.207258+03	f		0	\N	9495328151	Light God	\N
9	loghtofgod@gmail.com	Г. Москва Ул Перовская Д 25	111524	2024-02-06 09:45:03.47886+03	2024-02-06 09:45:03.47886+03	f		0	\N	79781868013	Light God	\N
10	loghtofgod@gmail.com	Г. Москва Ул Перовская Д 25	111524	2024-02-06 09:51:10.997075+03	2024-02-06 09:51:10.997075+03	f		0	\N	79781868013	Light God	\N
13	loghtofgod@gmail.com	Г. Москва Ул Перовская Д 25	111524	2024-02-09 08:07:46.769627+03	2024-02-09 08:07:46.769627+03	f		0	\N	+79495328151	Light God	\N
14	loghtofgod@gmail.com	Г. Москва Ул Перовская Д 25	111524	2024-02-09 08:19:31.828667+03	2024-02-09 08:19:31.828667+03	f		0	\N	+79495328151	Light God	\N
15	loghtofgod@gmail.com	Г. Москва Ул Перовская Д 25	111524	2024-02-09 08:29:09.018027+03	2024-02-09 08:29:09.018027+03	f		0	\N	+79495328151	Light God	\N
16	loghtofgod@gmail.com	Г. Москва Ул Перовская Д 25	111524	2024-02-09 08:33:49.068313+03	2024-02-09 08:33:49.068313+03	f		0	\N	+79495328151	Light God	\N
17	loghtofgod@gmail.com	Г. Москва Ул Перовская Д 25	111524	2024-02-09 08:41:05.747254+03	2024-02-09 08:41:05.747254+03	f		0	\N	+79495328151	Light God	\N
18	loghtofgod@gmail.com	Г. Москва Ул Перовская Д 25	111524	2024-02-09 08:48:00.845407+03	2024-02-09 08:48:00.845407+03	f		0	\N	+79495328151	Light God	\N
19	loghtofgod@gmail.com	Г. Москва Ул Перовская Д 25	111524	2024-02-09 08:53:01.199951+03	2024-02-09 08:53:01.199951+03	f		0	\N	+79495328151	Light God	\N
20	loghtofgod@gmail.com	Г. Москва Ул Перовская Д 25	111524	2024-02-09 09:02:14.249421+03	2024-02-09 09:02:14.249421+03	f		0	\N	+79495328151	Light God	\N
21	loghtofgod@gmail.com	Г. Москва Ул Перовская Д 25	111524	2024-02-09 09:13:59.704914+03	2024-02-09 09:13:59.704914+03	f		0	\N	+79495328151	Light God	\N
22	loghtofgod@gmail.com	Г. Москва Ул Перовская Д 25	111524	2024-02-09 09:16:38.24874+03	2024-02-09 09:16:38.24874+03	f		0	\N	+79495328151	Light God	\N
23	loghtofgod@gmail.com	Г. Москва Ул Перовская Д 25	111524	2024-02-09 09:21:00.571857+03	2024-02-09 09:21:00.571857+03	f		0	\N	+79495328151	Light God	\N
24	loghtofgod@gmail.com	Г. Москва Ул Перовская Д 25	111524	2024-02-09 09:30:40.486586+03	2024-02-09 09:30:40.486586+03	f		0	\N	+79495328151	Light God	\N
25	loghtofgod@gmail.com	Г. Москва Ул Перовская Д 25	111524	2024-02-09 09:46:34.943547+03	2024-02-09 09:46:34.943547+03	f		0	\N	+79495328151	Light God	\N
26	loghtofgod@gmail.com	Г. Москва Ул Перовская Д 25	111524	2024-02-09 10:11:19.007699+03	2024-02-09 10:11:19.007699+03	f		0	\N	+79495328151	Light God	\N
27	loghtofgod@gmail.com	Г. Москва Ул Перовская Д 25	111524	2024-02-09 10:16:09.045976+03	2024-02-09 10:16:09.045976+03	f		0	\N	+79495328151	Light God	\N
28	loghtofgod@gmail.com	Г. Москва Ул Перовская Д 25	111524	2024-02-09 10:18:48.363633+03	2024-02-09 10:18:48.363633+03	f		0	\N	+79495328151	Light God	\N
29	loghtofgod@gmail.com	Г. Москва Ул Перовская Д 25	111524	2024-02-10 00:53:23.622707+03	2024-02-10 00:53:23.622707+03	f		0	\N	+79495328151	Light God	\N
30	loghtofgod@gmail.com	Г. Москва Ул Перовская Д 25	111524	2024-02-11 04:35:43.272797+03	2024-02-11 04:35:43.272797+03	f		0	\N	+79495328151	Light God	\N
31	loghtofgod@gmail.com	Г. Москва Ул Перовская Д 25	111524	2024-02-11 04:36:51.813053+03	2024-02-11 04:36:51.813053+03	f		0	\N	+79495328151	Light God	\N
32	loghtofgod@gmail.com	Г. Москва Ул Перовская Д 25	111524	2024-02-11 04:38:49.997066+03	2024-02-11 04:38:49.997066+03	f		0	\N	+79495328151	Light God	\N
33	loghtofgod@gmail.com	Г. Москва Ул Перовская Д 25	111524	2024-02-11 04:48:54.956903+03	2024-02-11 04:48:54.956903+03	f		0	\N	+79495328151	Light God	\N
35	loghtofgod@gmail.com	Г. Москва Ул Перовская Д 25	111524	2024-02-11 04:51:59.832059+03	2024-02-11 04:51:59.832059+03	f		0	\N	+79495328151	Light God	35
36	loghtofgod@gmail.com	Г. Москва Ул Перовская Д 25	111524	2024-02-11 05:00:09.633237+03	2024-02-11 05:00:09.633346+03	f		0	\N	+79495328151	Light God	\N
37	loghtofgod@gmail.com	Г. Москва Ул Перовская Д 25	111524	2024-02-11 05:55:26.727775+03	2024-02-11 05:55:26.727775+03	f		0	\N	+79495328151	Light God	35
38	loghtofgod@gmail.com	Г. Москва Ул Перовская Д 25	111524	2024-02-11 06:59:47.968397+03	2024-02-11 06:59:47.968397+03	f		0	\N	+79495328151	Light God	35
39	loghtofgod@gmail.com	Г. Москва Ул Перовская Д 25	111524	2024-02-11 07:00:12.404023+03	2024-02-11 07:00:12.404023+03	f		0	\N	+79495328151	Light God	\N
40	loghtofgod@gmail.com	Г. Москва Ул Перовская Д 25	111524	2024-02-11 07:01:44.848886+03	2024-02-11 07:01:44.848886+03	f		0	\N	+79495328151	Light God	35
41	loghtofgod@gmail.com	Г. Москва Ул Перовская Д 25	111524	2024-02-11 07:11:34.747394+03	2024-02-11 07:11:34.747394+03	f		0	\N	+79495328151	Light God	\N
42	loghtofgod@gmail.com	Г. Москва Ул Перовская Д 25	111524	2024-02-11 07:12:49.371587+03	2024-02-11 07:12:49.371587+03	f		0	\N	+79495328151	Light God	\N
43	loghtofgod@gmail.com	Г. Москва Ул Перовская Д 25	111524	2024-02-11 07:16:19.275697+03	2024-02-11 07:16:19.275697+03	f		0	\N	+79495328151	Light God	\N
44	loghtofgod@gmail.com	Г. Москва Ул Перовская Д 25	111524	2024-02-11 08:39:35.932954+03	2024-02-11 08:39:35.932954+03	f		0	\N	+79495328151	Light God	\N
45	loghtofgod@gmail.com	Г. Москва Ул Перовская Д 25	111524	2024-02-11 08:44:02.036306+03	2024-02-11 08:44:02.036306+03	f		0	\N	+79495328151	Light God	35
46	loghtofgod@gmail.com	Г. Москва Ул Перовская Д 25	111524	2024-02-11 08:48:41.175696+03	2024-02-11 08:48:41.176696+03	f		0	\N	+79495328151	Light God	35
47	loghtofgod@gmail.com	Г. Москва Ул Перовская Д 25	111524	2024-02-11 08:57:57.549602+03	2024-02-11 08:57:57.549602+03	f		0	\N	+79495328151	Light God	35
48	loghtofgod@gmail.com	Г. Москва Ул Перовская Д 25	111524	2024-02-11 09:03:13.630033+03	2024-02-11 09:03:13.630033+03	f		0	\N	+79495328151	Light God	35
49	loghtofgod@gmail.com	Г. Москва Ул Перовская Д 25	111524	2024-02-11 09:07:26.573525+03	2024-02-11 09:07:26.573525+03	f		0	\N	+79495328151	Light God	35
50	loghtofgod@gmail.com	Г. Москва Ул Перовская Д 25	111524	2024-02-11 09:13:07.660681+03	2024-02-11 09:13:07.661683+03	f		0	\N	+79495328151	Light God	35
51	loghtofgod@gmail.com	Г. Москва Ул Перовская Д 25	111524	2024-02-11 09:21:45.841487+03	2024-02-11 09:21:45.841487+03	f		0	\N	+79495328151	Light God	35
52	loghtofgod@gmail.com	Г. Москва Ул Перовская Д 25	111524	2024-02-11 09:25:39.379184+03	2024-02-11 09:25:39.379184+03	f		0	\N	+79495328151	Light God	35
54	loghtofgod@gmail.com	Г. Москва Ул Перовская Д 25	111524	2024-02-11 09:36:11.643397+03	2024-02-11 09:36:11.643397+03	f		0	\N	+79495328151	Light God	35
55	loghtofgod@gmail.com	Г. Москва Ул Перовская Д 25	111524	2024-02-11 09:41:55.922455+03	2024-02-11 09:44:39.430923+03	t		0	\N	+79495328151	Light God	35
56	loghtofgod@gmail.com	Г. Москва Ул Перовская Д 25	111524	2024-02-11 09:45:08.46834+03	2024-02-11 09:45:42.777621+03	t		0	\N	+79495328151	Light God	35
57	loghtofgod@gmail.com	Г. Москва Ул Перовская Д 25	111524	2024-02-11 09:47:32.572005+03	2024-02-11 09:47:32.572005+03	f		0	\N	+79495328151	Light God	35
53	loghtofgod@gmail.com	Г. Москва Ул Перовская Д 25	111524	2024-02-11 09:32:16.052836+03	2024-02-11 09:48:54.890581+03	t		0	\N	+79495328151	Light God	35
58	loghtofgod@gmail.com	Г. Москва Ул Перовская Д 25	111524	2024-02-14 11:13:10.092694+03	2024-02-14 11:13:10.092694+03	f		0	\N	+79495328151	Light God	\N
59	loghtofgod@gmail.com	Г. Москва Ул Перовская Д 25	111524	2024-02-14 11:17:36.62154+03	2024-02-14 11:17:36.62154+03	f		0	\N	+79495328151	Light God	35
60	loghtofgod@gmail.com	Г. Москва Ул Перовская Д 25	111524	2024-02-14 11:18:13.185176+03	2024-02-14 11:18:33.260413+03	t		0	\N	+79495328151	Light God	35
61	loghtofgod@gmail.com	Г. Москва Ул Перовская Д 25	111524	2024-05-07 12:24:13.066026+03	2024-05-07 12:24:13.066026+03	f		0	\N	+79495328151	Light God	\N
62	loghtofgod@gmail.com	Г. Москва Ул Перовская Д 25	111524	2024-05-11 05:53:44.804566+03	2024-05-11 05:53:44.804566+03	f		10	1	+79495328151	Light God	\N
63	loghtofgod@gmail.com	Г. Москва Ул Перовская Д 25	111524	2024-05-11 06:06:40.315279+03	2024-05-11 06:06:40.315279+03	f		10	1	+79495328151	Light God	\N
64	loghtofgod@gmail.com	Г. Москва Ул Перовская Д 25	111524	2024-05-11 06:10:03.963978+03	2024-05-11 06:10:03.963978+03	f		10	1	+79495328151	Light God	\N
65	loghtofgod@gmail.com	Г. Москва Ул Перовская Д 25	111524	2024-05-11 06:12:30.27668+03	2024-05-11 06:12:30.27668+03	f		0	\N	+79495328151	Light God	\N
66	loghtofgod@gmail.com	Г. Москва Ул Перовская Д 25	111524	2024-05-11 06:15:32.218849+03	2024-05-11 06:15:32.218849+03	f		0	\N	+79495328151	Light God	\N
67	loghtofgod@gmail.com	Г. Москва Ул Перовская Д 25	111524	2024-05-11 06:24:52.657786+03	2024-05-11 06:24:52.657786+03	f		10	1	+79495328151	Light God	\N
68	loghtofgod@gmail.com	Г. Москва Ул Перовская Д 25	111524	2024-05-11 06:27:03.592623+03	2024-05-11 06:27:03.592623+03	f		10	1	+79495328151	Light God	\N
69	loghtofgod@gmail.com	Г. Москва Ул Перовская Д 25	111524	2024-05-11 06:35:35.00435+03	2024-05-11 06:35:35.00435+03	f		10	1	+79495328151	Light God	\N
70	loghtofgod@gmail.com	Г. Москва Ул Перовская Д 25	111524	2024-05-11 06:49:22.107746+03	2024-05-11 06:49:22.108745+03	f		10	1	+79495328151	Light God	\N
71	loghtofgod@gmail.com	Г. Москва Ул Перовская Д 25	111524	2024-05-11 06:49:58.318203+03	2024-05-11 06:49:58.318203+03	f		10	1	+79495328151	Light God	\N
72	loghtofgod@gmail.com	Г. Москва Ул Перовская Д 25	111524	2024-05-13 22:52:19.503021+03	2024-05-13 22:52:19.503021+03	f		10	1	+79495328151	Light God	35
\.


--
-- Data for Name: orders_orderitem; Type: TABLE DATA; Schema: public; Owner: perfume_admin
--

COPY public.orders_orderitem (id, price, quantity, order_id, product_id, user_id) FROM stdin;
62	12500.00	1	62	19	\N
63	7000.00	1	63	18	\N
64	8000.00	1	64	17	\N
65	8000.00	1	65	17	\N
66	12500.00	1	66	19	\N
67	8000.00	1	67	17	\N
68	7000.00	1	68	18	\N
69	7000.00	1	69	18	\N
70	8000.00	1	70	17	\N
71	8000.00	1	71	17	\N
72	7000.00	1	71	18	\N
73	12500.00	1	71	19	\N
74	8900.00	1	71	22	\N
75	8000.00	10	72	17	\N
\.


--
-- Data for Name: reviews_comment; Type: TABLE DATA; Schema: public; Owner: perfume_admin
--

COPY public.reviews_comment (id, text, created, updated, review_id, user_id) FROM stdin;
3	спасибо	2024-05-09 05:20:13.511523+03	2024-05-09 05:20:13.511523+03	4	35
4	нахуй все..	2024-05-09 05:21:18.159289+03	2024-05-09 05:21:18.159289+03	3	35
\.


--
-- Data for Name: reviews_review; Type: TABLE DATA; Schema: public; Owner: perfume_admin
--

COPY public.reviews_review (id, text, created, updated, user_id) FROM stdin;
2	пидарасы	2024-05-09 04:37:53.895412+03	2024-05-09 04:37:53.895412+03	39
3	гандоны	2024-05-09 05:02:47.137499+03	2024-05-09 05:02:47.137499+03	35
4	молодцы	2024-05-09 05:03:10.710675+03	2024-05-09 05:03:10.710675+03	35
6	хороши	2024-05-09 05:25:52.17716+03	2024-05-09 05:25:52.17716+03	35
\.


--
-- Data for Name: shop_category; Type: TABLE DATA; Schema: public; Owner: perfume_admin
--

COPY public.shop_category (id, name, slug, image, description) FROM stdin;
4	Диор	dior	brands/2024/04/1671465609_kalix-club-p-oboi-dior-krasivo-36.jpg	
5	Шанель	chanel	brands/2024/04/1675747694_3-40.jpg	
6	Эйвон	avon	brands/2024/04/avon.jpg	
7	Зара	zara	brands/2024/04/f00da83b7563bd5be3cc1b65e2096502.jpeg	
9	Орифлейм	oriflame	brands/2024/04/1670515279_4-kartinkin-net-p-orifleim-kartinki-krasivo-4.jpg	
10	Лакост	lacoste	brands/2024/04/1643606116_10-papik-pro-p-lacoste-logotip-10.png	
11	ГУчи	gucci	brands/2024/04/257529-guchchi-8.jpg	
8	Фаберлик	faberlic	brands/2024/04/fab.jpg	
\.


--
-- Data for Name: shop_favoriteproduct; Type: TABLE DATA; Schema: public; Owner: perfume_admin
--

COPY public.shop_favoriteproduct (id, date_added, product_id, user_id) FROM stdin;
91	2024-05-09 04:29:37.674933+03	19	35
92	2024-05-09 04:29:38.373793+03	18	35
\.


--
-- Data for Name: shop_product; Type: TABLE DATA; Schema: public; Owner: perfume_admin
--

COPY public.shop_product (id, name, slug, image, description, price, available, created, updated, category_id, volume, views_count, search_count) FROM stdin;
18	Avon Percieve	avon-percieve	products/2024/04/23/a2.jpg	Avon Percieve	7000.00	t	2024-04-23 03:06:31.474173+03	2024-05-07 13:25:44.093789+03	6	50ml	1	3
27	Oriflame Paradise	oriflame-paradise	products/2024/04/23/o2.jpg	Oriflame Paradise	4550.00	t	2024-04-23 03:17:48.798104+03	2024-05-07 13:30:06.757135+03	9	50ml	1	1
16	Zara Blossom	zara-blossom	products/2024/04/23/z3.jpg	Zara Blossom	10000.00	t	2024-04-23 03:04:17.703724+03	2024-05-07 19:12:43.346272+03	7	50ml	1	0
12	Gucci Bamboo	gucci-bamboo		Gucci bamboo	15000.00	t	2024-04-23 02:55:00.339911+03	2024-04-23 02:55:00.339911+03	11	30ml	0	0
20	Chanel Chance	chanel-chance	products/2024/04/23/c1.jpg	Chanel Chance	19000.00	t	2024-04-23 03:09:06.306437+03	2024-04-23 03:09:06.306437+03	5	50ml	0	0
21	Chanel Mademoisalle	chanel-mademoisalle	products/2024/04/23/c2.jpg	Chanel Mademoisalle	27500.00	t	2024-04-23 03:10:20.691079+03	2024-04-23 03:10:20.692079+03	5	50ml	0	0
22	Chanel Coco Noir	chanel-coco-noir	products/2024/04/23/c3.jpg	Chanel Coco Noir	8900.00	t	2024-04-23 03:11:29.703335+03	2024-04-23 03:11:29.703335+03	5	50ml	0	0
23	Faberlic Kaori	faberlic-kaori	products/2024/04/23/f1.jpg	Faberlic Kaori	5500.00	t	2024-04-23 03:12:46.707421+03	2024-04-23 03:12:46.707421+03	8	50ml	0	0
24	Faberlic 8 Element	faberlic-8-element	products/2024/04/23/f2.jpg	Faberlic 8 Element	4400.00	t	2024-04-23 03:13:46.751451+03	2024-04-23 03:13:46.751451+03	8	50ml	0	0
25	Faberlic Renata	faberlic-renata	products/2024/04/23/f3.jpg	Faberlic Renata	33000.00	t	2024-04-23 03:14:35.137855+03	2024-04-23 03:14:35.137855+03	8	50ml	0	0
28	Oriflame Lucia	oriflame-lucia	products/2024/04/23/o3.jpg	Oriflame Lucia	20000.00	t	2024-04-23 03:18:39.5712+03	2024-04-23 03:18:39.5712+03	9	50ml	0	0
29	Lacoste Essential	lacoste-essential	products/2024/04/23/l1.jpg	Lacoste Essential	1900.00	t	2024-04-23 03:20:03.60124+03	2024-04-23 03:20:03.60124+03	10	50ml	0	0
31	Lacoste Pour Femme	lacoste-pour-femme	products/2024/04/23/l3.jpg	Lacoste Pour Femme	7600.00	t	2024-04-23 03:22:31.049816+03	2024-04-23 03:22:31.049816+03	10	50ml	0	0
15	Zara Flambe	zara-flambe	products/2024/04/23/z2.jpg	Zara Flambe	19000.00	t	2024-04-23 03:02:33.097679+03	2024-05-07 11:20:08.44388+03	7	50ml	1	0
14	Zara Gardenia	zara-gardenia	products/2024/04/23/z1.jpg	Zara Gardenia	9000.00	t	2024-04-23 03:00:46.93653+03	2024-05-07 19:13:44.752789+03	7	50ml	2	2
19	Avon Far Away	far-away	products/2024/04/23/a3.jpg	Avon Far Away	12500.00	t	2024-04-23 03:07:55.888746+03	2024-05-07 19:14:23.385752+03	6	50ml	1	0
26	Oriflame S8 Night	oriflame-s8-night	products/2024/04/23/o1.jpg	Oriflame S8 Night	3900.00	t	2024-04-23 03:16:17.089509+03	2024-05-07 19:15:12.515768+03	9	50ml	1	0
11	Gucci Bloom	gucci-bloom	products/2024/04/23/257529-guchchi-8.jpg	Gucci bloom	12000.00	t	2024-04-23 02:53:16.855403+03	2024-05-07 12:23:45.684424+03	11	50ml	4	3
34	Dior Addict	dior-addict	products/2024/04/23/d3.jpg	Dior Addict	7400.00	t	2024-04-23 03:26:05.37468+03	2024-05-10 21:31:04.269042+03	4	50ml	0	5
13	Gucci Rush	gucci-rush	products/2024/04/23/g3.jpg	Gucci rush	10000.00	t	2024-04-23 02:55:41.822298+03	2024-05-07 12:40:09.765478+03	11	50ml	4	0
33	Dior Sauvage	dior-sauvage	products/2024/04/23/d2.jpg	Dior Sauvage	8800.00	t	2024-04-23 03:25:07.070656+03	2024-05-10 21:31:04.296696+03	4	50ml	0	5
32	Dior Poison	dior-poison	products/2024/04/23/d1.jpg	Dior Poison	9000.00	t	2024-04-23 03:23:50.652029+03	2024-05-10 21:35:24.179047+03	4	50ml	3	5
30	Lacoste Touch In Pink	lacoste-touch-in-pink	products/2024/04/23/l2.jpg	Lacoste Touch In Pink	6000.00	t	2024-04-23 03:21:22.09515+03	2024-05-13 22:50:36.123106+03	10	50ml	1	0
17	Avon Today	avon-today	products/2024/04/23/a1.jpg	Avon Today	8000.00	t	2024-04-23 03:05:34.448831+03	2024-05-13 22:51:36.107508+03	6	50ml	1	0
\.


--
-- Data for Name: site_settings_homebanner; Type: TABLE DATA; Schema: public; Owner: perfume_admin
--

COPY public.site_settings_homebanner (id, maintitle, title, shop_link, small_description, background_image, is_active) FROM stdin;
1	Распродажа	Скидка 60%	\N	распродажа товаром	home_banner/hero-1.jpg	t
2	распродажа	скидка 20%	\N	Распродажа скидки	home_banner/coco.jpg	f
\.


--
-- Data for Name: social_auth_association; Type: TABLE DATA; Schema: public; Owner: perfume_admin
--

COPY public.social_auth_association (id, server_url, handle, secret, issued, lifetime, assoc_type) FROM stdin;
\.


--
-- Data for Name: social_auth_code; Type: TABLE DATA; Schema: public; Owner: perfume_admin
--

COPY public.social_auth_code (id, email, code, verified, "timestamp") FROM stdin;
\.


--
-- Data for Name: social_auth_nonce; Type: TABLE DATA; Schema: public; Owner: perfume_admin
--

COPY public.social_auth_nonce (id, server_url, "timestamp", salt) FROM stdin;
\.


--
-- Data for Name: social_auth_partial; Type: TABLE DATA; Schema: public; Owner: perfume_admin
--

COPY public.social_auth_partial (id, token, next_step, backend, "timestamp", data) FROM stdin;
\.


--
-- Data for Name: social_auth_usersocialauth; Type: TABLE DATA; Schema: public; Owner: perfume_admin
--

COPY public.social_auth_usersocialauth (id, provider, uid, user_id, created, modified, extra_data) FROM stdin;
\.


--
-- Name: auth_group_id_seq; Type: SEQUENCE SET; Schema: public; Owner: perfume_admin
--

SELECT pg_catalog.setval('public.auth_group_id_seq', 1, false);


--
-- Name: auth_group_permissions_id_seq; Type: SEQUENCE SET; Schema: public; Owner: perfume_admin
--

SELECT pg_catalog.setval('public.auth_group_permissions_id_seq', 1, false);


--
-- Name: auth_permission_id_seq; Type: SEQUENCE SET; Schema: public; Owner: perfume_admin
--

SELECT pg_catalog.setval('public.auth_permission_id_seq', 120, true);


--
-- Name: auth_user_groups_id_seq; Type: SEQUENCE SET; Schema: public; Owner: perfume_admin
--

SELECT pg_catalog.setval('public.auth_user_groups_id_seq', 1, false);


--
-- Name: auth_user_id_seq; Type: SEQUENCE SET; Schema: public; Owner: perfume_admin
--

SELECT pg_catalog.setval('public.auth_user_id_seq', 39, true);


--
-- Name: auth_user_user_permissions_id_seq; Type: SEQUENCE SET; Schema: public; Owner: perfume_admin
--

SELECT pg_catalog.setval('public.auth_user_user_permissions_id_seq', 1, false);


--
-- Name: banner_banner_id_seq; Type: SEQUENCE SET; Schema: public; Owner: perfume_admin
--

SELECT pg_catalog.setval('public.banner_banner_id_seq', 2, true);


--
-- Name: coupons_coupon_id_seq; Type: SEQUENCE SET; Schema: public; Owner: perfume_admin
--

SELECT pg_catalog.setval('public.coupons_coupon_id_seq', 1, true);


--
-- Name: django_admin_log_id_seq; Type: SEQUENCE SET; Schema: public; Owner: perfume_admin
--

SELECT pg_catalog.setval('public.django_admin_log_id_seq', 113, true);


--
-- Name: django_content_type_id_seq; Type: SEQUENCE SET; Schema: public; Owner: perfume_admin
--

SELECT pg_catalog.setval('public.django_content_type_id_seq', 30, true);


--
-- Name: django_migrations_id_seq; Type: SEQUENCE SET; Schema: public; Owner: perfume_admin
--

SELECT pg_catalog.setval('public.django_migrations_id_seq', 76, true);


--
-- Name: django_site_id_seq; Type: SEQUENCE SET; Schema: public; Owner: perfume_admin
--

SELECT pg_catalog.setval('public.django_site_id_seq', 1, true);


--
-- Name: orders_order_id_seq; Type: SEQUENCE SET; Schema: public; Owner: perfume_admin
--

SELECT pg_catalog.setval('public.orders_order_id_seq', 72, true);


--
-- Name: orders_orderitem_id_seq; Type: SEQUENCE SET; Schema: public; Owner: perfume_admin
--

SELECT pg_catalog.setval('public.orders_orderitem_id_seq', 75, true);


--
-- Name: reviews_comment_id_seq; Type: SEQUENCE SET; Schema: public; Owner: perfume_admin
--

SELECT pg_catalog.setval('public.reviews_comment_id_seq', 4, true);


--
-- Name: reviews_review_id_seq; Type: SEQUENCE SET; Schema: public; Owner: perfume_admin
--

SELECT pg_catalog.setval('public.reviews_review_id_seq', 7, true);


--
-- Name: shop_category_id_seq; Type: SEQUENCE SET; Schema: public; Owner: perfume_admin
--

SELECT pg_catalog.setval('public.shop_category_id_seq', 11, true);


--
-- Name: shop_favoriteproduct_id_seq; Type: SEQUENCE SET; Schema: public; Owner: perfume_admin
--

SELECT pg_catalog.setval('public.shop_favoriteproduct_id_seq', 93, true);


--
-- Name: shop_product_id_seq; Type: SEQUENCE SET; Schema: public; Owner: perfume_admin
--

SELECT pg_catalog.setval('public.shop_product_id_seq', 34, true);


--
-- Name: site_settings_homebanner_id_seq; Type: SEQUENCE SET; Schema: public; Owner: perfume_admin
--

SELECT pg_catalog.setval('public.site_settings_homebanner_id_seq', 2, true);


--
-- Name: social_auth_association_id_seq; Type: SEQUENCE SET; Schema: public; Owner: perfume_admin
--

SELECT pg_catalog.setval('public.social_auth_association_id_seq', 1, false);


--
-- Name: social_auth_code_id_seq; Type: SEQUENCE SET; Schema: public; Owner: perfume_admin
--

SELECT pg_catalog.setval('public.social_auth_code_id_seq', 1, false);


--
-- Name: social_auth_nonce_id_seq; Type: SEQUENCE SET; Schema: public; Owner: perfume_admin
--

SELECT pg_catalog.setval('public.social_auth_nonce_id_seq', 1, false);


--
-- Name: social_auth_partial_id_seq; Type: SEQUENCE SET; Schema: public; Owner: perfume_admin
--

SELECT pg_catalog.setval('public.social_auth_partial_id_seq', 1, false);


--
-- Name: social_auth_usersocialauth_id_seq; Type: SEQUENCE SET; Schema: public; Owner: perfume_admin
--

SELECT pg_catalog.setval('public.social_auth_usersocialauth_id_seq', 1, false);


--
-- Name: auth_group auth_group_name_key; Type: CONSTRAINT; Schema: public; Owner: perfume_admin
--

ALTER TABLE ONLY public.auth_group
    ADD CONSTRAINT auth_group_name_key UNIQUE (name);


--
-- Name: auth_group_permissions auth_group_permissions_group_id_permission_id_0cd325b0_uniq; Type: CONSTRAINT; Schema: public; Owner: perfume_admin
--

ALTER TABLE ONLY public.auth_group_permissions
    ADD CONSTRAINT auth_group_permissions_group_id_permission_id_0cd325b0_uniq UNIQUE (group_id, permission_id);


--
-- Name: auth_group_permissions auth_group_permissions_pkey; Type: CONSTRAINT; Schema: public; Owner: perfume_admin
--

ALTER TABLE ONLY public.auth_group_permissions
    ADD CONSTRAINT auth_group_permissions_pkey PRIMARY KEY (id);


--
-- Name: auth_group auth_group_pkey; Type: CONSTRAINT; Schema: public; Owner: perfume_admin
--

ALTER TABLE ONLY public.auth_group
    ADD CONSTRAINT auth_group_pkey PRIMARY KEY (id);


--
-- Name: auth_permission auth_permission_content_type_id_codename_01ab375a_uniq; Type: CONSTRAINT; Schema: public; Owner: perfume_admin
--

ALTER TABLE ONLY public.auth_permission
    ADD CONSTRAINT auth_permission_content_type_id_codename_01ab375a_uniq UNIQUE (content_type_id, codename);


--
-- Name: auth_permission auth_permission_pkey; Type: CONSTRAINT; Schema: public; Owner: perfume_admin
--

ALTER TABLE ONLY public.auth_permission
    ADD CONSTRAINT auth_permission_pkey PRIMARY KEY (id);


--
-- Name: auth_user_groups auth_user_groups_pkey; Type: CONSTRAINT; Schema: public; Owner: perfume_admin
--

ALTER TABLE ONLY public.auth_user_groups
    ADD CONSTRAINT auth_user_groups_pkey PRIMARY KEY (id);


--
-- Name: auth_user_groups auth_user_groups_user_id_group_id_94350c0c_uniq; Type: CONSTRAINT; Schema: public; Owner: perfume_admin
--

ALTER TABLE ONLY public.auth_user_groups
    ADD CONSTRAINT auth_user_groups_user_id_group_id_94350c0c_uniq UNIQUE (user_id, group_id);


--
-- Name: auth_user auth_user_pkey; Type: CONSTRAINT; Schema: public; Owner: perfume_admin
--

ALTER TABLE ONLY public.auth_user
    ADD CONSTRAINT auth_user_pkey PRIMARY KEY (id);


--
-- Name: auth_user_user_permissions auth_user_user_permissions_pkey; Type: CONSTRAINT; Schema: public; Owner: perfume_admin
--

ALTER TABLE ONLY public.auth_user_user_permissions
    ADD CONSTRAINT auth_user_user_permissions_pkey PRIMARY KEY (id);


--
-- Name: auth_user_user_permissions auth_user_user_permissions_user_id_permission_id_14a6b632_uniq; Type: CONSTRAINT; Schema: public; Owner: perfume_admin
--

ALTER TABLE ONLY public.auth_user_user_permissions
    ADD CONSTRAINT auth_user_user_permissions_user_id_permission_id_14a6b632_uniq UNIQUE (user_id, permission_id);


--
-- Name: auth_user auth_user_username_key; Type: CONSTRAINT; Schema: public; Owner: perfume_admin
--

ALTER TABLE ONLY public.auth_user
    ADD CONSTRAINT auth_user_username_key UNIQUE (username);


--
-- Name: banner_banner banner_banner_pkey; Type: CONSTRAINT; Schema: public; Owner: perfume_admin
--

ALTER TABLE ONLY public.banner_banner
    ADD CONSTRAINT banner_banner_pkey PRIMARY KEY (id);


--
-- Name: coupons_coupon coupons_coupon_code_key; Type: CONSTRAINT; Schema: public; Owner: perfume_admin
--

ALTER TABLE ONLY public.coupons_coupon
    ADD CONSTRAINT coupons_coupon_code_key UNIQUE (code);


--
-- Name: coupons_coupon coupons_coupon_pkey; Type: CONSTRAINT; Schema: public; Owner: perfume_admin
--

ALTER TABLE ONLY public.coupons_coupon
    ADD CONSTRAINT coupons_coupon_pkey PRIMARY KEY (id);


--
-- Name: django_admin_log django_admin_log_pkey; Type: CONSTRAINT; Schema: public; Owner: perfume_admin
--

ALTER TABLE ONLY public.django_admin_log
    ADD CONSTRAINT django_admin_log_pkey PRIMARY KEY (id);


--
-- Name: django_content_type django_content_type_app_label_model_76bd3d3b_uniq; Type: CONSTRAINT; Schema: public; Owner: perfume_admin
--

ALTER TABLE ONLY public.django_content_type
    ADD CONSTRAINT django_content_type_app_label_model_76bd3d3b_uniq UNIQUE (app_label, model);


--
-- Name: django_content_type django_content_type_pkey; Type: CONSTRAINT; Schema: public; Owner: perfume_admin
--

ALTER TABLE ONLY public.django_content_type
    ADD CONSTRAINT django_content_type_pkey PRIMARY KEY (id);


--
-- Name: django_migrations django_migrations_pkey; Type: CONSTRAINT; Schema: public; Owner: perfume_admin
--

ALTER TABLE ONLY public.django_migrations
    ADD CONSTRAINT django_migrations_pkey PRIMARY KEY (id);


--
-- Name: django_session django_session_pkey; Type: CONSTRAINT; Schema: public; Owner: perfume_admin
--

ALTER TABLE ONLY public.django_session
    ADD CONSTRAINT django_session_pkey PRIMARY KEY (session_key);


--
-- Name: django_site django_site_domain_a2e37b91_uniq; Type: CONSTRAINT; Schema: public; Owner: perfume_admin
--

ALTER TABLE ONLY public.django_site
    ADD CONSTRAINT django_site_domain_a2e37b91_uniq UNIQUE (domain);


--
-- Name: django_site django_site_pkey; Type: CONSTRAINT; Schema: public; Owner: perfume_admin
--

ALTER TABLE ONLY public.django_site
    ADD CONSTRAINT django_site_pkey PRIMARY KEY (id);


--
-- Name: orders_order orders_order_pkey; Type: CONSTRAINT; Schema: public; Owner: perfume_admin
--

ALTER TABLE ONLY public.orders_order
    ADD CONSTRAINT orders_order_pkey PRIMARY KEY (id);


--
-- Name: orders_orderitem orders_orderitem_pkey; Type: CONSTRAINT; Schema: public; Owner: perfume_admin
--

ALTER TABLE ONLY public.orders_orderitem
    ADD CONSTRAINT orders_orderitem_pkey PRIMARY KEY (id);


--
-- Name: reviews_comment reviews_comment_pkey; Type: CONSTRAINT; Schema: public; Owner: perfume_admin
--

ALTER TABLE ONLY public.reviews_comment
    ADD CONSTRAINT reviews_comment_pkey PRIMARY KEY (id);


--
-- Name: reviews_review reviews_review_pkey; Type: CONSTRAINT; Schema: public; Owner: perfume_admin
--

ALTER TABLE ONLY public.reviews_review
    ADD CONSTRAINT reviews_review_pkey PRIMARY KEY (id);


--
-- Name: shop_category shop_category_pkey; Type: CONSTRAINT; Schema: public; Owner: perfume_admin
--

ALTER TABLE ONLY public.shop_category
    ADD CONSTRAINT shop_category_pkey PRIMARY KEY (id);


--
-- Name: shop_category shop_category_slug_key; Type: CONSTRAINT; Schema: public; Owner: perfume_admin
--

ALTER TABLE ONLY public.shop_category
    ADD CONSTRAINT shop_category_slug_key UNIQUE (slug);


--
-- Name: shop_favoriteproduct shop_favoriteproduct_pkey; Type: CONSTRAINT; Schema: public; Owner: perfume_admin
--

ALTER TABLE ONLY public.shop_favoriteproduct
    ADD CONSTRAINT shop_favoriteproduct_pkey PRIMARY KEY (id);


--
-- Name: shop_product shop_product_pkey; Type: CONSTRAINT; Schema: public; Owner: perfume_admin
--

ALTER TABLE ONLY public.shop_product
    ADD CONSTRAINT shop_product_pkey PRIMARY KEY (id);


--
-- Name: site_settings_homebanner site_settings_homebanner_pkey; Type: CONSTRAINT; Schema: public; Owner: perfume_admin
--

ALTER TABLE ONLY public.site_settings_homebanner
    ADD CONSTRAINT site_settings_homebanner_pkey PRIMARY KEY (id);


--
-- Name: social_auth_association social_auth_association_pkey; Type: CONSTRAINT; Schema: public; Owner: perfume_admin
--

ALTER TABLE ONLY public.social_auth_association
    ADD CONSTRAINT social_auth_association_pkey PRIMARY KEY (id);


--
-- Name: social_auth_association social_auth_association_server_url_handle_078befa2_uniq; Type: CONSTRAINT; Schema: public; Owner: perfume_admin
--

ALTER TABLE ONLY public.social_auth_association
    ADD CONSTRAINT social_auth_association_server_url_handle_078befa2_uniq UNIQUE (server_url, handle);


--
-- Name: social_auth_code social_auth_code_email_code_801b2d02_uniq; Type: CONSTRAINT; Schema: public; Owner: perfume_admin
--

ALTER TABLE ONLY public.social_auth_code
    ADD CONSTRAINT social_auth_code_email_code_801b2d02_uniq UNIQUE (email, code);


--
-- Name: social_auth_code social_auth_code_pkey; Type: CONSTRAINT; Schema: public; Owner: perfume_admin
--

ALTER TABLE ONLY public.social_auth_code
    ADD CONSTRAINT social_auth_code_pkey PRIMARY KEY (id);


--
-- Name: social_auth_nonce social_auth_nonce_pkey; Type: CONSTRAINT; Schema: public; Owner: perfume_admin
--

ALTER TABLE ONLY public.social_auth_nonce
    ADD CONSTRAINT social_auth_nonce_pkey PRIMARY KEY (id);


--
-- Name: social_auth_nonce social_auth_nonce_server_url_timestamp_salt_f6284463_uniq; Type: CONSTRAINT; Schema: public; Owner: perfume_admin
--

ALTER TABLE ONLY public.social_auth_nonce
    ADD CONSTRAINT social_auth_nonce_server_url_timestamp_salt_f6284463_uniq UNIQUE (server_url, "timestamp", salt);


--
-- Name: social_auth_partial social_auth_partial_pkey; Type: CONSTRAINT; Schema: public; Owner: perfume_admin
--

ALTER TABLE ONLY public.social_auth_partial
    ADD CONSTRAINT social_auth_partial_pkey PRIMARY KEY (id);


--
-- Name: social_auth_usersocialauth social_auth_usersocialauth_pkey; Type: CONSTRAINT; Schema: public; Owner: perfume_admin
--

ALTER TABLE ONLY public.social_auth_usersocialauth
    ADD CONSTRAINT social_auth_usersocialauth_pkey PRIMARY KEY (id);


--
-- Name: social_auth_usersocialauth social_auth_usersocialauth_provider_uid_e6b5e668_uniq; Type: CONSTRAINT; Schema: public; Owner: perfume_admin
--

ALTER TABLE ONLY public.social_auth_usersocialauth
    ADD CONSTRAINT social_auth_usersocialauth_provider_uid_e6b5e668_uniq UNIQUE (provider, uid);


--
-- Name: auth_group_name_a6ea08ec_like; Type: INDEX; Schema: public; Owner: perfume_admin
--

CREATE INDEX auth_group_name_a6ea08ec_like ON public.auth_group USING btree (name varchar_pattern_ops);


--
-- Name: auth_group_permissions_group_id_b120cbf9; Type: INDEX; Schema: public; Owner: perfume_admin
--

CREATE INDEX auth_group_permissions_group_id_b120cbf9 ON public.auth_group_permissions USING btree (group_id);


--
-- Name: auth_group_permissions_permission_id_84c5c92e; Type: INDEX; Schema: public; Owner: perfume_admin
--

CREATE INDEX auth_group_permissions_permission_id_84c5c92e ON public.auth_group_permissions USING btree (permission_id);


--
-- Name: auth_permission_content_type_id_2f476e4b; Type: INDEX; Schema: public; Owner: perfume_admin
--

CREATE INDEX auth_permission_content_type_id_2f476e4b ON public.auth_permission USING btree (content_type_id);


--
-- Name: auth_user_groups_group_id_97559544; Type: INDEX; Schema: public; Owner: perfume_admin
--

CREATE INDEX auth_user_groups_group_id_97559544 ON public.auth_user_groups USING btree (group_id);


--
-- Name: auth_user_groups_user_id_6a12ed8b; Type: INDEX; Schema: public; Owner: perfume_admin
--

CREATE INDEX auth_user_groups_user_id_6a12ed8b ON public.auth_user_groups USING btree (user_id);


--
-- Name: auth_user_user_permissions_permission_id_1fbb5f2c; Type: INDEX; Schema: public; Owner: perfume_admin
--

CREATE INDEX auth_user_user_permissions_permission_id_1fbb5f2c ON public.auth_user_user_permissions USING btree (permission_id);


--
-- Name: auth_user_user_permissions_user_id_a95ead1b; Type: INDEX; Schema: public; Owner: perfume_admin
--

CREATE INDEX auth_user_user_permissions_user_id_a95ead1b ON public.auth_user_user_permissions USING btree (user_id);


--
-- Name: auth_user_username_6821ab7c_like; Type: INDEX; Schema: public; Owner: perfume_admin
--

CREATE INDEX auth_user_username_6821ab7c_like ON public.auth_user USING btree (username varchar_pattern_ops);


--
-- Name: coupons_coupon_code_40174643_like; Type: INDEX; Schema: public; Owner: perfume_admin
--

CREATE INDEX coupons_coupon_code_40174643_like ON public.coupons_coupon USING btree (code varchar_pattern_ops);


--
-- Name: django_admin_log_content_type_id_c4bce8eb; Type: INDEX; Schema: public; Owner: perfume_admin
--

CREATE INDEX django_admin_log_content_type_id_c4bce8eb ON public.django_admin_log USING btree (content_type_id);


--
-- Name: django_admin_log_user_id_c564eba6; Type: INDEX; Schema: public; Owner: perfume_admin
--

CREATE INDEX django_admin_log_user_id_c564eba6 ON public.django_admin_log USING btree (user_id);


--
-- Name: django_session_expire_date_a5c62663; Type: INDEX; Schema: public; Owner: perfume_admin
--

CREATE INDEX django_session_expire_date_a5c62663 ON public.django_session USING btree (expire_date);


--
-- Name: django_session_session_key_c0390e0f_like; Type: INDEX; Schema: public; Owner: perfume_admin
--

CREATE INDEX django_session_session_key_c0390e0f_like ON public.django_session USING btree (session_key varchar_pattern_ops);


--
-- Name: django_site_domain_a2e37b91_like; Type: INDEX; Schema: public; Owner: perfume_admin
--

CREATE INDEX django_site_domain_a2e37b91_like ON public.django_site USING btree (domain varchar_pattern_ops);


--
-- Name: orders_orde_created_743fca_idx; Type: INDEX; Schema: public; Owner: perfume_admin
--

CREATE INDEX orders_orde_created_743fca_idx ON public.orders_order USING btree (created DESC);


--
-- Name: orders_order_coupon_id_5bddb887; Type: INDEX; Schema: public; Owner: perfume_admin
--

CREATE INDEX orders_order_coupon_id_5bddb887 ON public.orders_order USING btree (coupon_id);


--
-- Name: orders_orderitem_order_id_fe61a34d; Type: INDEX; Schema: public; Owner: perfume_admin
--

CREATE INDEX orders_orderitem_order_id_fe61a34d ON public.orders_orderitem USING btree (order_id);


--
-- Name: orders_orderitem_product_id_afe4254a; Type: INDEX; Schema: public; Owner: perfume_admin
--

CREATE INDEX orders_orderitem_product_id_afe4254a ON public.orders_orderitem USING btree (product_id);


--
-- Name: orders_orderitem_user_id_b421299c; Type: INDEX; Schema: public; Owner: perfume_admin
--

CREATE INDEX orders_orderitem_user_id_b421299c ON public.orders_orderitem USING btree (user_id);


--
-- Name: reviews_comment_review_id_43f1c708; Type: INDEX; Schema: public; Owner: perfume_admin
--

CREATE INDEX reviews_comment_review_id_43f1c708 ON public.reviews_comment USING btree (review_id);


--
-- Name: reviews_comment_user_id_1d319c7d; Type: INDEX; Schema: public; Owner: perfume_admin
--

CREATE INDEX reviews_comment_user_id_1d319c7d ON public.reviews_comment USING btree (user_id);


--
-- Name: reviews_review_user_id_875caff2; Type: INDEX; Schema: public; Owner: perfume_admin
--

CREATE INDEX reviews_review_user_id_875caff2 ON public.reviews_review USING btree (user_id);


--
-- Name: shop_catego_name_289c7e_idx; Type: INDEX; Schema: public; Owner: perfume_admin
--

CREATE INDEX shop_catego_name_289c7e_idx ON public.shop_category USING btree (name);


--
-- Name: shop_category_slug_4508178e_like; Type: INDEX; Schema: public; Owner: perfume_admin
--

CREATE INDEX shop_category_slug_4508178e_like ON public.shop_category USING btree (slug varchar_pattern_ops);


--
-- Name: shop_favoriteproduct_product_id_a33f0ef5; Type: INDEX; Schema: public; Owner: perfume_admin
--

CREATE INDEX shop_favoriteproduct_product_id_a33f0ef5 ON public.shop_favoriteproduct USING btree (product_id);


--
-- Name: shop_favoriteproduct_user_id_febe47ef; Type: INDEX; Schema: public; Owner: perfume_admin
--

CREATE INDEX shop_favoriteproduct_user_id_febe47ef ON public.shop_favoriteproduct USING btree (user_id);


--
-- Name: shop_produc_availab_47d513_idx; Type: INDEX; Schema: public; Owner: perfume_admin
--

CREATE INDEX shop_produc_availab_47d513_idx ON public.shop_product USING btree (available);


--
-- Name: shop_produc_categor_d249e3_idx; Type: INDEX; Schema: public; Owner: perfume_admin
--

CREATE INDEX shop_produc_categor_d249e3_idx ON public.shop_product USING btree (category_id);


--
-- Name: shop_produc_created_ef211c_idx; Type: INDEX; Schema: public; Owner: perfume_admin
--

CREATE INDEX shop_produc_created_ef211c_idx ON public.shop_product USING btree (created DESC);


--
-- Name: shop_produc_id_f21274_idx; Type: INDEX; Schema: public; Owner: perfume_admin
--

CREATE INDEX shop_produc_id_f21274_idx ON public.shop_product USING btree (id, slug);


--
-- Name: shop_produc_name_a2070e_idx; Type: INDEX; Schema: public; Owner: perfume_admin
--

CREATE INDEX shop_produc_name_a2070e_idx ON public.shop_product USING btree (name);


--
-- Name: shop_produc_price_3b79b5_idx; Type: INDEX; Schema: public; Owner: perfume_admin
--

CREATE INDEX shop_produc_price_3b79b5_idx ON public.shop_product USING btree (price);


--
-- Name: shop_produc_search__fe8900_idx; Type: INDEX; Schema: public; Owner: perfume_admin
--

CREATE INDEX shop_produc_search__fe8900_idx ON public.shop_product USING btree (search_count);


--
-- Name: shop_produc_views_c_ecc996_idx; Type: INDEX; Schema: public; Owner: perfume_admin
--

CREATE INDEX shop_produc_views_c_ecc996_idx ON public.shop_product USING btree (views_count);


--
-- Name: shop_product_category_id_14d7eea8; Type: INDEX; Schema: public; Owner: perfume_admin
--

CREATE INDEX shop_product_category_id_14d7eea8 ON public.shop_product USING btree (category_id);


--
-- Name: shop_product_slug_30bd2d5d; Type: INDEX; Schema: public; Owner: perfume_admin
--

CREATE INDEX shop_product_slug_30bd2d5d ON public.shop_product USING btree (slug);


--
-- Name: shop_product_slug_30bd2d5d_like; Type: INDEX; Schema: public; Owner: perfume_admin
--

CREATE INDEX shop_product_slug_30bd2d5d_like ON public.shop_product USING btree (slug varchar_pattern_ops);


--
-- Name: social_auth_code_code_a2393167; Type: INDEX; Schema: public; Owner: perfume_admin
--

CREATE INDEX social_auth_code_code_a2393167 ON public.social_auth_code USING btree (code);


--
-- Name: social_auth_code_code_a2393167_like; Type: INDEX; Schema: public; Owner: perfume_admin
--

CREATE INDEX social_auth_code_code_a2393167_like ON public.social_auth_code USING btree (code varchar_pattern_ops);


--
-- Name: social_auth_code_timestamp_176b341f; Type: INDEX; Schema: public; Owner: perfume_admin
--

CREATE INDEX social_auth_code_timestamp_176b341f ON public.social_auth_code USING btree ("timestamp");


--
-- Name: social_auth_partial_timestamp_50f2119f; Type: INDEX; Schema: public; Owner: perfume_admin
--

CREATE INDEX social_auth_partial_timestamp_50f2119f ON public.social_auth_partial USING btree ("timestamp");


--
-- Name: social_auth_partial_token_3017fea3; Type: INDEX; Schema: public; Owner: perfume_admin
--

CREATE INDEX social_auth_partial_token_3017fea3 ON public.social_auth_partial USING btree (token);


--
-- Name: social_auth_partial_token_3017fea3_like; Type: INDEX; Schema: public; Owner: perfume_admin
--

CREATE INDEX social_auth_partial_token_3017fea3_like ON public.social_auth_partial USING btree (token varchar_pattern_ops);


--
-- Name: social_auth_usersocialauth_uid_796e51dc; Type: INDEX; Schema: public; Owner: perfume_admin
--

CREATE INDEX social_auth_usersocialauth_uid_796e51dc ON public.social_auth_usersocialauth USING btree (uid);


--
-- Name: social_auth_usersocialauth_uid_796e51dc_like; Type: INDEX; Schema: public; Owner: perfume_admin
--

CREATE INDEX social_auth_usersocialauth_uid_796e51dc_like ON public.social_auth_usersocialauth USING btree (uid varchar_pattern_ops);


--
-- Name: social_auth_usersocialauth_user_id_17d28448; Type: INDEX; Schema: public; Owner: perfume_admin
--

CREATE INDEX social_auth_usersocialauth_user_id_17d28448 ON public.social_auth_usersocialauth USING btree (user_id);


--
-- Name: auth_group_permissions auth_group_permissio_permission_id_84c5c92e_fk_auth_perm; Type: FK CONSTRAINT; Schema: public; Owner: perfume_admin
--

ALTER TABLE ONLY public.auth_group_permissions
    ADD CONSTRAINT auth_group_permissio_permission_id_84c5c92e_fk_auth_perm FOREIGN KEY (permission_id) REFERENCES public.auth_permission(id) DEFERRABLE INITIALLY DEFERRED;


--
-- Name: auth_group_permissions auth_group_permissions_group_id_b120cbf9_fk_auth_group_id; Type: FK CONSTRAINT; Schema: public; Owner: perfume_admin
--

ALTER TABLE ONLY public.auth_group_permissions
    ADD CONSTRAINT auth_group_permissions_group_id_b120cbf9_fk_auth_group_id FOREIGN KEY (group_id) REFERENCES public.auth_group(id) DEFERRABLE INITIALLY DEFERRED;


--
-- Name: auth_permission auth_permission_content_type_id_2f476e4b_fk_django_co; Type: FK CONSTRAINT; Schema: public; Owner: perfume_admin
--

ALTER TABLE ONLY public.auth_permission
    ADD CONSTRAINT auth_permission_content_type_id_2f476e4b_fk_django_co FOREIGN KEY (content_type_id) REFERENCES public.django_content_type(id) DEFERRABLE INITIALLY DEFERRED;


--
-- Name: auth_user_groups auth_user_groups_group_id_97559544_fk_auth_group_id; Type: FK CONSTRAINT; Schema: public; Owner: perfume_admin
--

ALTER TABLE ONLY public.auth_user_groups
    ADD CONSTRAINT auth_user_groups_group_id_97559544_fk_auth_group_id FOREIGN KEY (group_id) REFERENCES public.auth_group(id) DEFERRABLE INITIALLY DEFERRED;


--
-- Name: auth_user_groups auth_user_groups_user_id_6a12ed8b_fk_auth_user_id; Type: FK CONSTRAINT; Schema: public; Owner: perfume_admin
--

ALTER TABLE ONLY public.auth_user_groups
    ADD CONSTRAINT auth_user_groups_user_id_6a12ed8b_fk_auth_user_id FOREIGN KEY (user_id) REFERENCES public.auth_user(id) DEFERRABLE INITIALLY DEFERRED;


--
-- Name: auth_user_user_permissions auth_user_user_permi_permission_id_1fbb5f2c_fk_auth_perm; Type: FK CONSTRAINT; Schema: public; Owner: perfume_admin
--

ALTER TABLE ONLY public.auth_user_user_permissions
    ADD CONSTRAINT auth_user_user_permi_permission_id_1fbb5f2c_fk_auth_perm FOREIGN KEY (permission_id) REFERENCES public.auth_permission(id) DEFERRABLE INITIALLY DEFERRED;


--
-- Name: auth_user_user_permissions auth_user_user_permissions_user_id_a95ead1b_fk_auth_user_id; Type: FK CONSTRAINT; Schema: public; Owner: perfume_admin
--

ALTER TABLE ONLY public.auth_user_user_permissions
    ADD CONSTRAINT auth_user_user_permissions_user_id_a95ead1b_fk_auth_user_id FOREIGN KEY (user_id) REFERENCES public.auth_user(id) DEFERRABLE INITIALLY DEFERRED;


--
-- Name: django_admin_log django_admin_log_content_type_id_c4bce8eb_fk_django_co; Type: FK CONSTRAINT; Schema: public; Owner: perfume_admin
--

ALTER TABLE ONLY public.django_admin_log
    ADD CONSTRAINT django_admin_log_content_type_id_c4bce8eb_fk_django_co FOREIGN KEY (content_type_id) REFERENCES public.django_content_type(id) DEFERRABLE INITIALLY DEFERRED;


--
-- Name: django_admin_log django_admin_log_user_id_c564eba6_fk_auth_user_id; Type: FK CONSTRAINT; Schema: public; Owner: perfume_admin
--

ALTER TABLE ONLY public.django_admin_log
    ADD CONSTRAINT django_admin_log_user_id_c564eba6_fk_auth_user_id FOREIGN KEY (user_id) REFERENCES public.auth_user(id) DEFERRABLE INITIALLY DEFERRED;


--
-- Name: orders_order orders_order_coupon_id_5bddb887_fk_coupons_coupon_id; Type: FK CONSTRAINT; Schema: public; Owner: perfume_admin
--

ALTER TABLE ONLY public.orders_order
    ADD CONSTRAINT orders_order_coupon_id_5bddb887_fk_coupons_coupon_id FOREIGN KEY (coupon_id) REFERENCES public.coupons_coupon(id) DEFERRABLE INITIALLY DEFERRED;


--
-- Name: orders_orderitem orders_orderitem_order_id_fe61a34d_fk_orders_order_id; Type: FK CONSTRAINT; Schema: public; Owner: perfume_admin
--

ALTER TABLE ONLY public.orders_orderitem
    ADD CONSTRAINT orders_orderitem_order_id_fe61a34d_fk_orders_order_id FOREIGN KEY (order_id) REFERENCES public.orders_order(id) DEFERRABLE INITIALLY DEFERRED;


--
-- Name: orders_orderitem orders_orderitem_product_id_afe4254a_fk_shop_product_id; Type: FK CONSTRAINT; Schema: public; Owner: perfume_admin
--

ALTER TABLE ONLY public.orders_orderitem
    ADD CONSTRAINT orders_orderitem_product_id_afe4254a_fk_shop_product_id FOREIGN KEY (product_id) REFERENCES public.shop_product(id) DEFERRABLE INITIALLY DEFERRED;


--
-- Name: orders_orderitem orders_orderitem_user_id_b421299c_fk_auth_user_id; Type: FK CONSTRAINT; Schema: public; Owner: perfume_admin
--

ALTER TABLE ONLY public.orders_orderitem
    ADD CONSTRAINT orders_orderitem_user_id_b421299c_fk_auth_user_id FOREIGN KEY (user_id) REFERENCES public.auth_user(id) DEFERRABLE INITIALLY DEFERRED;


--
-- Name: reviews_comment reviews_comment_review_id_43f1c708_fk_reviews_review_id; Type: FK CONSTRAINT; Schema: public; Owner: perfume_admin
--

ALTER TABLE ONLY public.reviews_comment
    ADD CONSTRAINT reviews_comment_review_id_43f1c708_fk_reviews_review_id FOREIGN KEY (review_id) REFERENCES public.reviews_review(id) DEFERRABLE INITIALLY DEFERRED;


--
-- Name: reviews_comment reviews_comment_user_id_1d319c7d_fk_auth_user_id; Type: FK CONSTRAINT; Schema: public; Owner: perfume_admin
--

ALTER TABLE ONLY public.reviews_comment
    ADD CONSTRAINT reviews_comment_user_id_1d319c7d_fk_auth_user_id FOREIGN KEY (user_id) REFERENCES public.auth_user(id) DEFERRABLE INITIALLY DEFERRED;


--
-- Name: reviews_review reviews_review_user_id_875caff2_fk_auth_user_id; Type: FK CONSTRAINT; Schema: public; Owner: perfume_admin
--

ALTER TABLE ONLY public.reviews_review
    ADD CONSTRAINT reviews_review_user_id_875caff2_fk_auth_user_id FOREIGN KEY (user_id) REFERENCES public.auth_user(id) DEFERRABLE INITIALLY DEFERRED;


--
-- Name: shop_favoriteproduct shop_favoriteproduct_product_id_a33f0ef5_fk_shop_product_id; Type: FK CONSTRAINT; Schema: public; Owner: perfume_admin
--

ALTER TABLE ONLY public.shop_favoriteproduct
    ADD CONSTRAINT shop_favoriteproduct_product_id_a33f0ef5_fk_shop_product_id FOREIGN KEY (product_id) REFERENCES public.shop_product(id) DEFERRABLE INITIALLY DEFERRED;


--
-- Name: shop_favoriteproduct shop_favoriteproduct_user_id_febe47ef_fk_auth_user_id; Type: FK CONSTRAINT; Schema: public; Owner: perfume_admin
--

ALTER TABLE ONLY public.shop_favoriteproduct
    ADD CONSTRAINT shop_favoriteproduct_user_id_febe47ef_fk_auth_user_id FOREIGN KEY (user_id) REFERENCES public.auth_user(id) DEFERRABLE INITIALLY DEFERRED;


--
-- Name: shop_product shop_product_category_id_14d7eea8_fk_shop_category_id; Type: FK CONSTRAINT; Schema: public; Owner: perfume_admin
--

ALTER TABLE ONLY public.shop_product
    ADD CONSTRAINT shop_product_category_id_14d7eea8_fk_shop_category_id FOREIGN KEY (category_id) REFERENCES public.shop_category(id) DEFERRABLE INITIALLY DEFERRED;


--
-- Name: social_auth_usersocialauth social_auth_usersocialauth_user_id_17d28448_fk_auth_user_id; Type: FK CONSTRAINT; Schema: public; Owner: perfume_admin
--

ALTER TABLE ONLY public.social_auth_usersocialauth
    ADD CONSTRAINT social_auth_usersocialauth_user_id_17d28448_fk_auth_user_id FOREIGN KEY (user_id) REFERENCES public.auth_user(id) DEFERRABLE INITIALLY DEFERRED;


--
-- PostgreSQL database dump complete
--

